# Standard, non-uniform FFT-based periodogram
# Chosen Nyquist frequency: 0.4
# Rayleigh resolution: 0.0008126409775662672
# Detrended: True
# Trend type: linear
# Number of bootstrap iterations: 1000
# 5% FAP (bootstrap): 1.758654797113846e-05
# 1% FAP (bootstrap): 2.065145615545422e-05
# Window applied: None
# frequency,power
1.35409614e-04,1.03876094e-09
2.70819228e-04,5.87380067e-08
4.06228842e-04,5.80816496e-07
5.41638456e-04,2.69539451e-06
6.77048070e-04,8.03042744e-06
8.12457684e-04,1.76353903e-05
9.47867299e-04,3.06539501e-05
1.08327691e-03,4.38588018e-05
1.21868653e-03,5.27390585e-05
1.35409614e-03,5.37220811e-05
1.48950575e-03,4.61784758e-05
1.62491537e-03,3.28777855e-05
1.76032498e-03,1.85679953e-05
1.89573460e-03,7.59642438e-06
2.03114421e-03,2.04882845e-06
2.16655383e-03,1.39399166e-06
2.30196344e-03,3.53299814e-06
2.43737305e-03,6.31512462e-06
2.57278267e-03,8.54670175e-06
2.70819228e-03,1.01441348e-05
2.84360190e-03,1.17481894e-05
2.97901151e-03,1.43011700e-05
3.11442112e-03,1.87841490e-05
3.24983074e-03,2.59466355e-05
3.38524035e-03,3.58431773e-05
3.52064997e-03,4.73231645e-05
3.65605958e-03,5.79233813e-05
3.79146919e-03,6.45161747e-05
3.92687881e-03,6.45717575e-05
4.06228842e-03,5.73902335e-05
4.19769804e-03,4.45755244e-05
4.33310765e-03,2.94544184e-05
4.46851726e-03,1.57689028e-05
4.60392688e-03,6.34197207e-06
4.73933649e-03,2.31921076e-06
4.87474611e-03,3.17593688e-06
5.01015572e-03,7.28974794e-06
5.14556534e-03,1.27327778e-05
5.28097495e-03,1.80003301e-05
5.41638456e-03,2.24914629e-05
5.55179418e-03,2.66007037e-05
5.68720379e-03,3.13392621e-05
5.82261341e-03,3.75830504e-05
5.95802302e-03,4.52992357e-05
6.09343263e-03,5.32236989e-05
6.22884225e-03,5.92638900e-05
6.36425186e-03,6.14486765e-05
6.49966148e-03,5.88569152e-05
6.63507109e-03,5.19566935e-05
6.77048070e-03,4.22104716e-05
6.90589032e-03,3.13233457e-05
7.04129993e-03,2.07061443e-05
7.17670955e-03,1.14384746e-05
7.31211916e-03,4.51423148e-06
7.44752877e-03,8.95031600e-07
7.58293839e-03,1.13031400e-06
7.71834800e-03,4.81554973e-06
7.85375762e-03,1.04613146e-05
7.98916723e-03,1.61056736e-05
8.12457684e-03,2.03744708e-05
8.25998646e-03,2.32185043e-05
8.39539607e-03,2.56963299e-05
8.53080569e-03,2.88847915e-05
8.66621530e-03,3.27302891e-05
8.80162492e-03,3.57780491e-05
8.93703453e-03,3.60776500e-05
9.07244414e-03,3.26368040e-05
9.20785376e-03,2.63235083e-05
9.34326337e-03,1.95003069e-05
9.47867299e-03,1.46288101e-05
9.61408260e-03,1.28588898e-05
9.74949221e-03,1.36028105e-05
9.88490183e-03,1.53123050e-05
1.00203114e-02,1.67613892e-05
1.01557211e-02,1.78139393e-05
1.02911307e-02,1.91522522e-05
1.04265403e-02,2.13232076e-05
1.05619499e-02,2.39926217e-05
1.06973595e-02,2.60677935e-05
1.08327691e-02,2.65749276e-05
1.09681787e-02,2.55214319e-05
1.11035884e-02,2.39754576e-05
1.12389980e-02,2.32424127e-05
1.13744076e-02,2.37700285e-05
1.15098172e-02,2.46567359e-05
1.16452268e-02,2.41852965e-05
1.17806364e-02,2.10255800e-05
1.19160460e-02,1.52573918e-05
1.20514557e-02,8.51501582e-06
1.21868653e-02,3.19581248e-06
1.23222749e-02,1.29533347e-06
1.24576845e-02,3.58895381e-06
1.25930941e-02,9.52980530e-06
1.27285037e-02,1.77104177e-05
1.28639133e-02,2.64500757e-05
1.29993230e-02,3.41743773e-05
1.31347326e-02,3.95674841e-05
1.32701422e-02,4.16875736e-05
1.34055518e-02,4.01791510e-05
1.35409614e-02,3.54950597e-05
1.36763710e-02,2.88999323e-05
1.38117806e-02,2.21156116e-05
1.39471903e-02,1.67161028e-05
1.40825999e-02,1.35705383e-05
1.42180095e-02,1.26114725e-05
1.43534191e-02,1.30011238e-05
1.44888287e-02,1.35537767e-05
1.46242383e-02,1.31990354e-05
1.47596479e-02,1.13426426e-05
1.48950575e-02,8.07991695e-06
1.50304672e-02,4.23757085e-06
1.51658768e-02,1.18116130e-06
1.53012864e-02,3.41994031e-07
1.54366960e-02,2.56139099e-06
1.55721056e-02,7.54607002e-06
1.57075152e-02,1.37914738e-05
1.58429248e-02,1.91330797e-05
1.59783345e-02,2.17067343e-05
1.61137441e-02,2.07967067e-05
1.62491537e-02,1.70740699e-05
1.63845633e-02,1.21013904e-05
1.65199729e-02,7.45310158e-06
1.66553825e-02,4.02865870e-06
1.67907921e-02,1.94641550e-06
1.69262018e-02,9.48446569e-07
1.70616114e-02,8.78689591e-07
1.71970210e-02,1.80374576e-06
1.73324306e-02,3.70874371e-06
1.74678402e-02,6.10908247e-06
1.76032498e-02,8.02388329e-06
1.77386594e-02,8.45987183e-06
1.78740691e-02,7.09551470e-06
1.80094787e-02,4.62117518e-06
1.81448883e-02,2.39874955e-06
1.82802979e-02,1.61197559e-06
1.84157075e-02,2.49091686e-06
1.85511171e-02,4.17477429e-06
1.86865267e-02,5.32338021e-06
1.88219364e-02,5.04054277e-06
1.89573460e-02,3.45034606e-06
1.90927556e-02,1.53838019e-06
1.92281652e-02,4.19087787e-07
1.93635748e-02,5.94767882e-07
1.94989844e-02,1.73294305e-06
1.96343940e-02,3.06040143e-06
1.97698037e-02,4.00459321e-06
1.99052133e-02,4.56552984e-06
2.00406229e-02,5.16289100e-06
2.01760325e-02,6.13914845e-06
2.03114421e-02,7.35821660e-06
2.04468517e-02,8.23311122e-06
2.05822613e-02,8.15709161e-06
2.07176710e-02,6.99729376e-06
2.08530806e-02,5.27271951e-06
2.09884902e-02,3.88101208e-06
2.11238998e-02,3.55605131e-06
2.12593094e-02,4.40440189e-06
2.13947190e-02,5.80008229e-06
2.15301286e-02,6.70001513e-06
2.16655383e-02,6.22687342e-06
2.18009479e-02,4.24698738e-06
2.19363575e-02,1.66235192e-06
2.20717671e-02,2.22194463e-07
2.22071767e-02,1.83787197e-06
2.23425863e-02,7.63318603e-06
2.24779959e-02,1.71792219e-05
2.26134056e-02,2.83824159e-05
2.27488152e-02,3.82111795e-05
2.28842248e-02,4.39623865e-05
2.30196344e-02,4.43894163e-05
2.31550440e-02,4.00501832e-05
2.32904536e-02,3.27254910e-05
2.34258632e-02,2.43809682e-05
2.35612729e-02,1.64205556e-05
2.36966825e-02,9.66430818e-06
2.38320921e-02,4.81610314e-06
2.39675017e-02,2.73429179e-06
2.41029113e-02,4.01116227e-06
2.42383209e-02,8.09468271e-06
2.43737305e-02,1.28256445e-05
2.45091401e-02,1.51781613e-05
2.46445498e-02,1.31065724e-05
2.47799594e-02,7.35794150e-06
2.49153690e-02,1.80110954e-06
2.50507786e-02,1.65518435e-06
2.51861882e-02,1.04755988e-05
2.53215978e-02,2.77822981e-05
2.54570074e-02,4.89455374e-05
2.55924171e-02,6.74826940e-05
2.57278267e-02,7.82993529e-05
2.58632363e-02,7.98242263e-05
2.59986459e-02,7.38663298e-05
2.61340555e-02,6.36732454e-05
2.62694651e-02,5.18348051e-05
2.64048747e-02,3.95116606e-05
2.65402844e-02,2.71996841e-05
2.66756940e-02,1.59486506e-05
2.68111036e-02,7.67852550e-06
2.69465132e-02,4.14895447e-06
2.70819228e-02,5.42533361e-06
2.72173324e-02,9.25069659e-06
2.73527420e-02,1.20967043e-05
2.74881517e-02,1.13412741e-05
2.76235613e-02,7.07380483e-06
2.77589709e-02,2.21411276e-06
2.78943805e-02,8.02291034e-07
2.80297901e-02,5.57793478e-06
2.81651997e-02,1.63995484e-05
2.83006093e-02,3.04072896e-05
2.84360190e-02,4.36502093e-05
2.85714286e-02,5.30421817e-05
2.87068382e-02,5.74990053e-05
2.88422478e-02,5.78048184e-05
2.89776574e-02,5.55800040e-05
2.91130670e-02,5.21393263e-05
2.92484766e-02,4.78915844e-05
2.93838863e-02,4.24770361e-05
2.95192959e-02,3.54058300e-05
2.96547055e-02,2.67521935e-05
2.97901151e-02,1.74914674e-05
2.99255247e-02,9.26835677e-06
3.00609343e-02,3.68072212e-06
3.01963439e-02,1.45640888e-06
3.03317536e-02,2.03489240e-06
3.04671632e-02,3.89423455e-06
3.06025728e-02,5.50283852e-06
3.07379824e-02,6.29613328e-06
3.08733920e-02,6.96342360e-06
3.10088016e-02,8.76400829e-06
3.11442112e-02,1.23292875e-05
3.12796209e-02,1.68880934e-05
3.14150305e-02,2.06248680e-05
3.15504401e-02,2.20244923e-05
3.16858497e-02,2.12028522e-05
3.18212593e-02,2.00893248e-05
3.19566689e-02,2.11235156e-05
3.20920785e-02,2.53051658e-05
3.22274882e-02,3.10673191e-05
3.23628978e-02,3.49593547e-05
3.24983074e-02,3.38167140e-05
3.26337170e-02,2.69364027e-05
3.27691266e-02,1.66886425e-05
3.29045362e-02,7.09245208e-06
3.30399458e-02,1.35656721e-06
3.31753555e-02,1.17480898e-07
3.33107651e-02,1.54072429e-06
3.34461747e-02,3.04059552e-06
3.35815843e-02,3.21409717e-06
3.37169939e-02,2.54900424e-06
3.38524035e-02,2.52647825e-06
3.39878131e-02,4.01653187e-06
3.41232227e-02,6.35167937e-06
3.42586324e-02,7.82202881e-06
3.43940420e-02,7.13302540e-06
3.45294516e-02,4.58935367e-06
3.46648612e-02,2.01509956e-06
3.48002708e-02,1.45093906e-06
3.49356804e-02,3.63569889e-06
3.50710900e-02,7.42817765e-06
3.52064997e-02,1.05798258e-05
3.53419093e-02,1.12508926e-05
3.54773189e-02,9.15975169e-06
3.56127285e-02,5.60391423e-06
3.57481381e-02,2.45816937e-06
3.58835477e-02,9.52518543e-07
3.60189573e-02,1.07404682e-06
3.61543670e-02,1.87888025e-06
3.62897766e-02,2.33057919e-06
3.64251862e-02,1.99605795e-06
3.65605958e-02,1.16534474e-06
3.66960054e-02,4.51758581e-07
3.68314150e-02,2.73503947e-07
3.69668246e-02,6.02612968e-07
3.71022343e-02,1.08486918e-06
3.72376439e-02,1.35051883e-06
3.73730535e-02,1.25278734e-06
3.75084631e-02,8.94905296e-07
3.76438727e-02,4.90969613e-07
3.77792823e-02,2.03420236e-07
3.79146919e-02,6.92654278e-08
3.80501016e-02,3.15087776e-08
3.81855112e-02,1.86040931e-08
3.83209208e-02,3.89884821e-09
3.84563304e-02,1.32136976e-08
3.85917400e-02,9.37185079e-08
3.87271496e-02,2.82561860e-07
3.88625592e-02,6.08520205e-07
3.89979689e-02,1.12748028e-06
3.91333785e-02,1.95127008e-06
3.92687881e-02,3.21265607e-06
3.94041977e-02,4.94611297e-06
3.95396073e-02,6.94458172e-06
3.96750169e-02,8.71600887e-06
3.98104265e-02,9.63656858e-06
3.99458362e-02,9.26646635e-06
4.00812458e-02,7.64402364e-06
4.02166554e-02,5.33608620e-06
4.03520650e-02,3.16280139e-06
4.04874746e-02,1.75100889e-06
4.06228842e-02,1.21755659e-06
4.07582938e-02,1.20402773e-06
4.08937035e-02,1.22099050e-06
4.10291131e-02,1.02208997e-06
4.11645227e-02,7.21068654e-07
4.12999323e-02,6.01826006e-07
4.14353419e-02,8.46678942e-07
4.15707515e-02,1.46784843e-06
4.17061611e-02,2.50584499e-06
4.18415708e-02,4.25470293e-06
4.19769804e-02,7.18706140e-06
4.21123900e-02,1.15026726e-05
4.22477996e-02,1.66176620e-05
4.23832092e-02,2.10853578e-05
4.25186188e-02,2.31842231e-05
4.26540284e-02,2.18842463e-05
4.27894381e-02,1.75362961e-05
4.29248477e-02,1.17558719e-05
4.30602573e-02,6.53487805e-06
4.31956669e-02,3.17971511e-06
4.33310765e-02,1.78684652e-06
4.34664861e-02,1.53684838e-06
4.36018957e-02,1.47226519e-06
4.37373053e-02,1.12448332e-06
4.38727150e-02,5.89347290e-07
4.40081246e-02,1.74719417e-07
4.41435342e-02,7.63324215e-08
4.42789438e-02,4.01112707e-07
4.44143534e-02,1.41671576e-06
4.45497630e-02,3.61331002e-06
4.46851726e-02,7.32588526e-06
4.48205823e-02,1.21473877e-05
4.49559919e-02,1.66986324e-05
4.50914015e-02,1.91436257e-05
4.52268111e-02,1.82410166e-05
4.53622207e-02,1.42061809e-05
4.54976303e-02,8.70108022e-06
4.56330399e-02,3.88887997e-06
4.57684496e-02,1.19998091e-06
4.59038592e-02,6.70739930e-07
4.60392688e-02,1.25586332e-06
4.61746784e-02,1.76612705e-06
4.63100880e-02,1.66390746e-06
4.64454976e-02,1.17906160e-06
4.65809072e-02,8.40649906e-07
4.67163169e-02,9.79875553e-07
4.68517265e-02,1.66034066e-06
4.69871361e-02,2.97561319e-06
4.71225457e-02,5.24320509e-06
4.72579553e-02,8.72765283e-06
4.73933649e-02,1.30524952e-05
4.75287745e-02,1.68982473e-05
4.76641842e-02,1.84703280e-05
4.77995938e-02,1.65928239e-05
4.79350034e-02,1.16695375e-05
4.80704130e-02,5.72027471e-06
4.82058226e-02,1.33664339e-06
4.83412322e-02,2.17895423e-07
4.84766418e-02,2.27669034e-06
4.86120515e-02,5.87655505e-06
4.87474611e-02,8.93238510e-06
4.88828707e-02,1.00473227e-05
4.90182803e-02,8.98830818e-06
4.91536899e-02,6.43470197e-06
4.92890995e-02,3.47827790e-06
4.94245091e-02,1.35209221e-06
4.95599188e-02,1.40064525e-06
4.96953284e-02,4.89375435e-06
4.98307380e-02,1.23875934e-05
4.99661476e-02,2.28933847e-05
5.01015572e-02,3.35881236e-05
5.02369668e-02,4.06563238e-05
5.03723764e-02,4.10762263e-05
5.05077861e-02,3.43396375e-05
5.06431957e-02,2.29365617e-05
5.07786053e-02,1.11663841e-05
5.09140149e-02,2.96032113e-06
5.10494245e-02,6.82873734e-08
5.11848341e-02,1.66319034e-06
5.13202437e-02,5.38877157e-06
5.14556534e-02,8.92428695e-06
5.15910630e-02,1.09710181e-05
5.17264726e-02,1.12327672e-05
5.18618822e-02,9.84486390e-06
5.19972918e-02,7.05220844e-06
5.21327014e-02,3.49822941e-06
5.22681110e-02,7.09942412e-07
5.24035206e-02,9.90121223e-07
5.25389303e-02,6.34224677e-06
5.26743399e-02,1.69438965e-05
5.28097495e-02,3.02879414e-05
5.29451591e-02,4.18556005e-05
5.30805687e-02,4.71811382e-05
5.32159783e-02,4.41452294e-05
5.33513879e-02,3.40783214e-05
5.34867976e-02,2.09881179e-05
5.36222072e-02,9.42854004e-06
5.37576168e-02,2.34531142e-06
5.38930264e-02,1.18395478e-07
5.40284360e-02,1.12391835e-06
5.41638456e-02,3.15323161e-06
5.42992552e-02,4.64115185e-06
5.44346649e-02,5.04708429e-06
5.45700745e-02,4.49274447e-06
5.47054841e-02,3.26504312e-06
5.48408937e-02,1.70080245e-06
5.49763033e-02,4.52201096e-07
5.51117129e-02,6.82610694e-07
5.52471225e-02,3.75211834e-06
5.53825322e-02,1.04019894e-05
5.55179418e-02,1.99491075e-05
5.56533514e-02,3.01286630e-05
5.57887610e-02,3.78521389e-05
5.59241706e-02,4.05440692e-05
5.60595802e-02,3.73220940e-05
5.61949898e-02,2.93675080e-05
5.63303995e-02,1.93228463e-05
5.64658091e-02,1.01042125e-05
5.66012187e-02,3.77866300e-06
5.67366283e-02,1.01264753e-06
5.68720379e-02,1.20448745e-06
5.70074475e-02,3.05573483e-06
5.71428571e-02,5.20905167e-06
5.72782668e-02,6.68813628e-06
5.74136764e-02,7.07385611e-06
5.75490860e-02,6.48743201e-06
5.76844956e-02,5.47155087e-06
5.78199052e-02,4.81280818e-06
5.79553148e-02,5.31444101e-06
5.80907244e-02,7.54242800e-06
5.82261341e-02,1.16058945e-05
5.83615437e-02,1.70479467e-05
5.84969533e-02,2.28963525e-05
5.86323629e-02,2.78730725e-05
5.87677725e-02,3.07170525e-05
5.89031821e-02,3.05462466e-05
5.90385917e-02,2.71657887e-05
5.91740014e-02,2.12167308e-05
5.93094110e-02,1.40739129e-05
5.94448206e-02,7.47009020e-06
5.95802302e-02,2.94169803e-06
5.97156398e-02,1.30430316e-06
5.98510494e-02,2.39288888e-06
5.99864590e-02,5.19922317e-06
6.01218687e-02,8.34592042e-06
6.02572783e-02,1.06644979e-05
6.03926879e-02,1.16020864e-05
6.05280975e-02,1.12958067e-05
6.06635071e-02,1.03476513e-05
6.07989167e-02,9.47815355e-06
6.09343263e-02,9.24856828e-06
6.10697360e-02,9.93623070e-06
6.12051456e-02,1.15243810e-05
6.13405552e-02,1.37231897e-05
6.14759648e-02,1.59911043e-05
6.16113744e-02,1.76061237e-05
6.17467840e-02,1.78530111e-05
6.18821936e-02,1.63138302e-05
6.20176032e-02,1.31343717e-05
6.21530129e-02,9.09108652e-06
6.22884225e-02,5.36141157e-06
6.24238321e-02,3.06778839e-06
6.25592417e-02,2.81160802e-06
6.26946513e-02,4.43528787e-06
6.28300609e-02,7.12991675e-06
6.29654705e-02,9.81955588e-06
6.31008802e-02,1.16163402e-05
6.32362898e-02,1.21277419e-05
6.33716994e-02,1.14999674e-05
6.35071090e-02,1.02261470e-05
6.36425186e-02,8.85240095e-06
6.37779282e-02,7.73568427e-06
6.39133378e-02,6.95297901e-06
6.40487475e-02,6.37184512e-06
6.41841571e-02,5.81339156e-06
6.43195667e-02,5.20347873e-06
6.44549763e-02,4.62921773e-06
6.45903859e-02,4.28297703e-06
6.47257955e-02,4.34778067e-06
6.48612051e-02,4.90956212e-06
6.49966148e-02,5.94919172e-06
6.51320244e-02,7.39318024e-06
6.52674340e-02,9.14841790e-06
6.54028436e-02,1.10658666e-05
6.55382532e-02,1.28629707e-05
6.56736628e-02,1.41096962e-05
6.58090724e-02,1.43648841e-05
6.59444821e-02,1.34270828e-05
6.60798917e-02,1.15290748e-05
6.62153013e-02,9.28807159e-06
6.63507109e-02,7.37695401e-06
6.64861205e-02,6.11065042e-06
6.66215301e-02,5.25820094e-06
6.67569397e-02,4.26720309e-06
6.68923494e-02,2.78209930e-06
6.70277590e-02,1.07921089e-06
6.71631686e-02,5.42631403e-08
6.72985782e-02,7.09074031e-07
6.74339878e-02,3.47260989e-06
6.75693974e-02,7.84862151e-06
6.77048070e-02,1.26613499e-05
6.78402167e-02,1.67260465e-05
6.79756263e-02,1.94492126e-05
6.81110359e-02,2.09289613e-05
6.82464455e-02,2.15342823e-05
6.83818551e-02,2.13650856e-05
6.85172647e-02,2.00825312e-05
6.86526743e-02,1.72726327e-05
6.87880840e-02,1.30324747e-05
6.89234936e-02,8.24577464e-06
6.90589032e-02,4.24118956e-06
6.91943128e-02,2.02887908e-06
6.93297224e-02,1.67841683e-06
6.94651320e-02,2.32522422e-06
6.96005416e-02,2.82176315e-06
6.97359513e-02,2.55572513e-06
6.98713609e-02,1.83323102e-06
7.00067705e-02,1.56636456e-06
7.01421801e-02,2.53604239e-06
7.02775897e-02,4.80454789e-06
7.04129993e-02,7.70142507e-06
7.05484089e-02,1.03411824e-05
7.06838186e-02,1.22292471e-05
7.08192282e-02,1.34812471e-05
7.09546378e-02,1.45201325e-05
7.10900474e-02,1.55384803e-05
7.12254570e-02,1.61864981e-05
7.13608666e-02,1.57519946e-05
7.14962762e-02,1.37069933e-05
7.16316858e-02,1.02131560e-05
7.17670955e-02,6.20616736e-06
7.19025051e-02,2.97780087e-06
7.20379147e-02,1.51499347e-06
7.21733243e-02,2.00368287e-06
7.23087339e-02,3.78153886e-06
7.24441435e-02,5.73482326e-06
7.25795531e-02,6.87827901e-06
7.27149628e-02,6.78363118e-06
7.28503724e-02,5.65282929e-06
7.29857820e-02,4.06324814e-06
7.31211916e-02,2.59480546e-06
7.32566012e-02,1.57881784e-06
7.33920108e-02,1.08333719e-06
7.35274204e-02,1.06643599e-06
7.36628301e-02,1.51924889e-06
7.37982397e-02,2.46179175e-06
7.39336493e-02,3.80990758e-06
7.40690589e-02,5.27071626e-06
7.42044685e-02,6.42118227e-06
7.43398781e-02,6.96734216e-06
7.44752877e-02,6.99673161e-06
7.46106974e-02,6.99392357e-06
7.47461070e-02,7.55377743e-06
7.48815166e-02,8.98050086e-06
7.50169262e-02,1.10846326e-05
7.51523358e-02,1.33517002e-05
7.52877454e-02,1.53464069e-05
7.54231550e-02,1.69961988e-05
7.55585647e-02,1.84821605e-05
7.56939743e-02,1.98143313e-05
7.58293839e-02,2.04916770e-05
7.59647935e-02,1.96388795e-05
7.61002031e-02,1.66301993e-05
7.62356127e-02,1.17531090e-05
7.63710223e-02,6.33673343e-06
7.65064320e-02,2.13163598e-06
7.66418416e-02,3.19901749e-07
7.67772512e-02,8.68165019e-07
7.69126608e-02,2.70354256e-06
7.70480704e-02,4.55479941e-06
7.71834800e-02,5.78165172e-06
7.73188896e-02,6.56182992e-06
7.74542993e-02,7.39050194e-06
7.75897089e-02,8.46313584e-06
7.77251185e-02,9.60131539e-06
7.78605281e-02,1.08328739e-05
7.79959377e-02,1.30241267e-05
7.81313473e-02,1.77548693e-05
7.82667569e-02,2.61966037e-05
7.84021666e-02,3.76871520e-05
7.85375762e-02,4.91897986e-05
7.86729858e-02,5.63676479e-05
7.88083954e-02,5.58463308e-05
7.89438050e-02,4.72542746e-05
7.90792146e-02,3.36325055e-05
7.92146242e-02,1.98650134e-05
7.93500339e-02,1.01322233e-05
7.94854435e-02,6.01955625e-06
7.96208531e-02,6.36081837e-06
7.97562627e-02,8.62170818e-06
7.98916723e-02,1.06288955e-05
8.00270819e-02,1.14523524e-05
8.01624915e-02,1.11418293e-05
8.02979012e-02,9.98775071e-06
8.04333108e-02,8.21235840e-06
8.05687204e-02,6.36958975e-06
8.07041300e-02,5.87364605e-06
8.08395396e-02,8.80259522e-06
8.09749492e-02,1.67182047e-05
8.11103588e-02,2.92043124e-05
8.12457684e-02,4.32989040e-05
8.13811781e-02,5.45078409e-05
8.15165877e-02,5.89687391e-05
8.16519973e-02,5.54492971e-05
8.17874069e-02,4.59152210e-05
8.19228165e-02,3.43558994e-05
8.20582261e-02,2.46873374e-05
8.21936357e-02,1.90392581e-05
8.23290454e-02,1.72970697e-05
8.24644550e-02,1.78376384e-05
8.25998646e-02,1.87084232e-05
8.27352742e-02,1.84850724e-05
8.28706838e-02,1.65472114e-05
8.30060934e-02,1.30064041e-05
8.31415030e-02,8.60469638e-06
8.32769127e-02,4.62725283e-06
8.34123223e-02,2.62048198e-06
8.35477319e-02,3.78975217e-06
8.36831415e-02,8.30274256e-06
8.38185511e-02,1.49797329e-05
8.39539607e-02,2.17049195e-05
8.40893703e-02,2.64075490e-05
8.42247800e-02,2.80285040e-05
8.43601896e-02,2.68808149e-05
8.44955992e-02,2.42472590e-05
8.46310088e-02,2.15796501e-05
8.47664184e-02,1.98571922e-05
8.49018280e-02,1.94100210e-05
8.50372376e-02,2.00879557e-05
8.51726473e-02,2.14438696e-05
8.53080569e-02,2.27596170e-05
8.54434665e-02,2.30608537e-05
8.55788761e-02,2.13850888e-05
8.57142857e-02,1.73334200e-05
8.58496953e-02,1.15612051e-05
8.59851049e-02,5.73444420e-06
8.61205146e-02,1.79055814e-06
8.62559242e-02,8.85313923e-07
8.63913338e-02,2.72787442e-06
8.65267434e-02,5.79387558e-06
8.66621530e-02,8.28973883e-06
8.67975626e-02,9.19700085e-06
8.69329722e-02,8.68973154e-06
8.70683819e-02,7.71753703e-06
8.72037915e-02,7.17360528e-06
8.73392011e-02,7.32124133e-06
8.74746107e-02,7.85562559e-06
8.76100203e-02,8.41238342e-06
8.77454299e-02,8.98714736e-06
8.78808395e-02,9.87569928e-06
8.80162492e-02,1.12224815e-05
8.81516588e-02,1.26394059e-05
8.82870684e-02,1.32998708e-05
8.84224780e-02,1.24862406e-05
8.85578876e-02,1.01555642e-05
8.86932972e-02,7.04985557e-06
8.88287068e-02,4.24440393e-06
8.89641165e-02,2.48127395e-06
8.90995261e-02,1.79314144e-06
8.92349357e-02,1.66589693e-06
8.93703453e-02,1.54931847e-06
8.95057549e-02,1.27566701e-06
8.96411645e-02,1.07486391e-06
8.97765741e-02,1.24316513e-06
8.99119838e-02,1.80188751e-06
9.00473934e-02,2.44873754e-06
9.01828030e-02,2.81658637e-06
9.03182126e-02,2.78413314e-06
9.04536222e-02,2.56140258e-06
9.05890318e-02,2.49586500e-06
9.07244414e-02,2.79408691e-06
9.08598510e-02,3.40615528e-06
9.09952607e-02,4.14577276e-06
9.11306703e-02,4.89399032e-06
9.12660799e-02,5.67048580e-06
9.14014895e-02,6.50431148e-06
9.15368991e-02,7.24819229e-06
9.16723087e-02,7.55162484e-06
9.18077183e-02,7.06697929e-06
9.19431280e-02,5.73763736e-06
9.20785376e-02,3.91683501e-06
9.22139472e-02,2.19018813e-06
9.23493568e-02,1.02171044e-06
9.24847664e-02,4.96988031e-07
9.26201760e-02,3.60345802e-07
9.27555856e-02,2.97231723e-07
9.28909953e-02,2.09941655e-07
9.30264049e-02,2.50485174e-07
9.31618145e-02,5.96760344e-07
9.32972241e-02,1.19404267e-06
9.34326337e-02,1.72408518e-06
9.35680433e-02,1.86547335e-06
9.37034529e-02,1.63638674e-06
9.38388626e-02,1.50297056e-06
9.39742722e-02,2.10233252e-06
9.41096818e-02,3.74855067e-06
9.42450914e-02,6.10212127e-06
9.43805010e-02,8.29810520e-06
9.45159106e-02,9.48919735e-06
9.46513202e-02,9.42353605e-06
9.47867299e-02,8.61617589e-06
9.49221395e-02,7.95735274e-06
9.50575491e-02,8.02806343e-06
9.51929587e-02,8.63556103e-06
9.53283683e-02,8.93754272e-06
9.54637779e-02,8.08596108e-06
9.55991875e-02,5.91666389e-06
9.57345972e-02,3.15643880e-06
9.58700068e-02,9.70683834e-07
9.60054164e-02,1.74551709e-07
9.61408260e-02,6.94245795e-07
9.62762356e-02,1.68139491e-06
9.64116452e-02,2.18531860e-06
9.65470548e-02,1.85987005e-06
9.66824645e-02,1.16209357e-06
9.68178741e-02,9.10307395e-07
9.69532837e-02,1.58645673e-06
9.70886933e-02,2.97372332e-06
9.72241029e-02,4.43909076e-06
9.73595125e-02,5.61946441e-06
9.74949221e-02,6.89928976e-06
9.76303318e-02,9.19896499e-06
9.77657414e-02,1.31492725e-05
9.79011510e-02,1.82730016e-05
9.80365606e-02,2.28769439e-05
9.81719702e-02,2.48719180e-05
9.83073798e-02,2.30339708e-05
9.84427894e-02,1.78399770e-05
9.85781991e-02,1.12673244e-05
9.87136087e-02,5.66796928e-06
9.88490183e-02,2.47719381e-06
9.89844279e-02,1.61083296e-06
9.91198375e-02,1.88066097e-06
9.92552471e-02,2.02389044e-06
9.93906567e-02,1.55358109e-06
9.95260664e-02,8.62167533e-07
9.96614760e-02,6.37045992e-07
9.97968856e-02,1.16525764e-06
9.99322952e-02,2.11924796e-06
1.00067705e-01,2.95416718e-06
1.00203114e-01,3.51387636e-06
1.00338524e-01,4.27855724e-06
1.00473934e-01,6.00999749e-06
1.00609343e-01,9.07552223e-06
1.00744753e-01,1.30157152e-05
1.00880162e-01,1.67324298e-05
1.01015572e-01,1.91735903e-05
1.01150982e-01,1.99915456e-05
1.01286391e-01,1.96741211e-05
1.01421801e-01,1.90652630e-05
1.01557211e-01,1.86647460e-05
1.01692620e-01,1.82509840e-05
1.01828030e-01,1.71001668e-05
1.01963439e-01,1.46098289e-05
1.02098849e-01,1.08421873e-05
1.02234259e-01,6.59300801e-06
1.02369668e-01,2.96514438e-06
1.02505078e-01,7.75869479e-07
1.02640487e-01,1.97483641e-07
1.02775897e-01,8.07683934e-07
1.02911307e-01,1.92215973e-06
1.03046716e-01,2.93805923e-06
1.03182126e-01,3.50775084e-06
1.03317536e-01,3.55813722e-06
1.03452945e-01,3.27738142e-06
1.03588355e-01,3.12761685e-06
1.03723764e-01,3.80463877e-06
1.03859174e-01,6.02223505e-06
1.03994584e-01,1.01238307e-05
1.04129993e-01,1.57203453e-05
1.04265403e-01,2.16328272e-05
1.04400812e-01,2.62745275e-05
1.04536222e-01,2.83190013e-05
1.04671632e-01,2.72835942e-05
1.04807041e-01,2.36879670e-05
1.04942451e-01,1.87159143e-05
1.05077861e-01,1.36218838e-05
1.05213270e-01,9.25322432e-06
1.05348680e-01,5.92340689e-06
1.05484089e-01,3.59360283e-06
1.05619499e-01,2.12258150e-06
1.05754909e-01,1.36995868e-06
1.05890318e-01,1.13492136e-06
1.06025728e-01,1.09404799e-06
1.06161137e-01,9.03828428e-07
1.06296547e-01,4.56310131e-07
1.06431957e-01,8.21279509e-08
1.06567366e-01,4.69213664e-07
1.06702776e-01,2.25589683e-06
1.06838186e-01,5.52646971e-06
1.06973595e-01,9.56771450e-06
1.07109005e-01,1.31122979e-05
1.07244414e-01,1.49750348e-05
1.07379824e-01,1.47056169e-05
1.07515234e-01,1.28450765e-05
1.07650643e-01,1.06172941e-05
1.07786053e-01,9.24597235e-06
1.07921462e-01,9.31615041e-06
1.08056872e-01,1.05483521e-05
1.08192282e-01,1.20717025e-05
1.08327691e-01,1.29710847e-05
1.08463101e-01,1.27495560e-05
1.08598510e-01,1.14589616e-05
1.08733920e-01,9.50454683e-06
1.08869330e-01,7.33511548e-06
1.09004739e-01,5.25465880e-06
1.09140149e-01,3.44412452e-06
1.09275559e-01,2.09368217e-06
1.09410968e-01,1.46356567e-06
1.09546378e-01,1.77042315e-06
1.09681787e-01,2.96535379e-06
1.09817197e-01,4.59245296e-06
1.09952607e-01,5.89268218e-06
1.10088016e-01,6.15655196e-06
1.10223426e-01,5.14213806e-06
1.10358835e-01,3.29676337e-06
1.10494245e-01,1.61408414e-06
1.10629655e-01,1.17121956e-06
1.10765064e-01,2.58870356e-06
1.10900474e-01,5.71134133e-06
1.11035884e-01,9.68295602e-06
1.11171293e-01,1.33597084e-05
1.11306703e-01,1.58177095e-05
1.11442112e-01,1.66765474e-05
1.11577522e-01,1.60962258e-05
1.11712932e-01,1.45161272e-05
1.11848341e-01,1.23507977e-05
1.11983751e-01,9.84733013e-06
1.12119160e-01,7.15952530e-06
1.12254570e-01,4.51913830e-06
1.12389980e-01,2.31318390e-06
1.12525389e-01,9.60504734e-07
1.12660799e-01,6.56097197e-07
1.12796209e-01,1.18185782e-06
1.12931618e-01,1.96084005e-06
1.13067028e-01,2.36414683e-06
1.13202437e-01,2.08551706e-06
1.13337847e-01,1.32769031e-06
1.13473257e-01,6.61237247e-07
1.13608666e-01,6.44585153e-07
1.13744076e-01,1.46713451e-06
1.13879485e-01,2.86228282e-06
1.14014895e-01,4.33854722e-06
1.14150305e-01,5.54108501e-06
1.14285714e-01,6.46243922e-06
1.14421124e-01,7.34467307e-06
1.14556534e-01,8.36206718e-06
1.14691943e-01,9.35181819e-06
1.14827353e-01,9.82755898e-06
1.14962762e-01,9.28901796e-06
1.15098172e-01,7.60350108e-06
1.15233582e-01,5.16889220e-06
1.15368991e-01,2.72724945e-06
1.15504401e-01,9.58316734e-07
1.15639810e-01,1.39405599e-07
1.15775220e-01,9.31417275e-08
1.15910630e-01,4.16687530e-07
1.16046039e-01,7.82436665e-07
1.16181449e-01,1.07986136e-06
1.16316858e-01,1.33347031e-06
1.16452268e-01,1.53148773e-06
1.16587678e-01,1.56146025e-06
1.16723087e-01,1.32612517e-06
1.16858497e-01,9.22580793e-07
1.16993907e-01,6.85881780e-07
1.17129316e-01,1.00424419e-06
1.17264726e-01,2.01891803e-06
1.17400135e-01,3.44660867e-06
1.17535545e-01,4.68961711e-06
1.17670955e-01,5.17997723e-06
1.17806364e-01,4.71744108e-06
1.17941774e-01,3.56212523e-06
1.18077183e-01,2.23082975e-06
1.18212593e-01,1.16669107e-06
1.18348003e-01,5.27323609e-07
1.18483412e-01,2.15263317e-07
1.18618822e-01,6.98037833e-08
1.18754232e-01,2.64455641e-08
1.18889641e-01,1.15215294e-07
1.19025051e-01,3.38723493e-07
1.19160460e-01,5.84745793e-07
1.19295870e-01,6.84410461e-07
1.19431280e-01,5.72184364e-07
1.19566689e-01,3.87368702e-07
1.19702099e-01,3.93611724e-07
1.19837508e-01,7.56608944e-07
1.19972918e-01,1.36401632e-06
1.20108328e-01,1.85925436e-06
1.20243737e-01,1.89081540e-06
1.20379147e-01,1.39134914e-06
1.20514557e-01,6.59268717e-07
1.20649966e-01,1.63676501e-07
1.20785376e-01,2.13558087e-07
1.20920785e-01,7.43033741e-07
1.21056195e-01,1.37347278e-06
1.21191605e-01,1.69513631e-06
1.21327014e-01,1.54459845e-06
1.21462424e-01,1.07237229e-06
1.21597833e-01,5.75605410e-07
1.21733243e-01,2.58442620e-07
1.21868653e-01,1.23107573e-07
1.22004062e-01,6.27779170e-08
1.22139472e-01,4.35882307e-08
1.22274882e-01,1.87786727e-07
1.22410291e-01,6.65839074e-07
1.22545701e-01,1.48620135e-06
1.22681110e-01,2.37849764e-06
1.22816520e-01,2.90290219e-06
1.22951930e-01,2.73367444e-06
1.23087339e-01,1.91046255e-06
1.23222749e-01,8.56974244e-07
1.23358158e-01,1.33866823e-07
1.23493568e-01,9.19378830e-08
1.23628978e-01,6.67812104e-07
1.23764387e-01,1.45916420e-06
1.23899797e-01,2.01256519e-06
1.24035206e-01,2.10993405e-06
1.24170616e-01,1.85647869e-06
1.24306026e-01,1.53278760e-06
1.24441435e-01,1.34898435e-06
1.24576845e-01,1.29761756e-06
1.24712255e-01,1.20785979e-06
1.24847664e-01,9.37823360e-07
1.24983074e-01,5.35677688e-07
1.25118483e-01,2.32499003e-07
1.25253893e-01,2.69390354e-07
1.25389303e-01,6.96089586e-07
1.25524712e-01,1.30314977e-06
1.25660122e-01,1.74742653e-06
1.25795531e-01,1.78172369e-06
1.25930941e-01,1.41917121e-06
1.26066351e-01,9.12073400e-07
1.26201760e-01,5.64722442e-07
1.26337170e-01,5.22583132e-07
1.26472580e-01,6.93106846e-07
1.26607989e-01,8.48771500e-07
1.26743399e-01,8.23335961e-07
1.26878808e-01,6.45956321e-07
1.27014218e-01,5.13717148e-07
1.27149628e-01,6.33862485e-07
1.27285037e-01,1.06712845e-06
1.27420447e-01,1.69444005e-06
1.27555856e-01,2.32205673e-06
1.27691266e-01,2.82599065e-06
1.27826676e-01,3.21071305e-06
1.27962085e-01,3.53966493e-06
1.28097495e-01,3.81329468e-06
1.28232905e-01,3.91991310e-06
1.28368314e-01,3.71938086e-06
1.28503724e-01,3.19434436e-06
1.28639133e-01,2.52920991e-06
1.28774543e-01,2.02586650e-06
1.28909953e-01,1.90304829e-06
1.29045362e-01,2.13644689e-06
1.29180772e-01,2.47766758e-06
1.29316181e-01,2.64732442e-06
1.29451591e-01,2.54753600e-06
1.29587001e-01,2.31408863e-06
1.29722410e-01,2.16105200e-06
1.29857820e-01,2.15521547e-06
1.29993230e-01,2.13358652e-06
1.30128639e-01,1.86555876e-06
1.30264049e-01,1.34318385e-06
1.30399458e-01,9.42506661e-07
1.30534868e-01,1.27085995e-06
1.30670278e-01,2.76171010e-06
1.30805687e-01,5.30569487e-06
1.30941097e-01,8.21666561e-06
1.31076506e-01,1.05939783e-05
1.31211916e-01,1.18340519e-05
1.31347326e-01,1.19163198e-05
1.31482735e-01,1.12591588e-05
1.31618145e-01,1.02861231e-05
1.31753555e-01,9.08205083e-06
1.31888964e-01,7.44504036e-06
1.32024374e-01,5.29709837e-06
1.32159783e-01,3.07960571e-06
1.32295193e-01,1.72146496e-06
1.32430603e-01,2.08981118e-06
1.32566012e-01,4.27849739e-06
1.32701422e-01,7.29597707e-06
1.32836831e-01,9.48527108e-06
1.32972241e-01,9.48601182e-06
1.33107651e-01,7.12032407e-06
1.33243060e-01,3.58889773e-06
1.33378470e-01,8.19922532e-07
1.33513879e-01,3.93977806e-07
1.33649289e-01,2.74408892e-06
1.33784699e-01,7.10254017e-06
1.33920108e-01,1.21177298e-05
1.34055518e-01,1.66170910e-05
1.34190928e-01,1.99754100e-05
1.34326337e-01,2.19448888e-05
1.34461747e-01,2.22719936e-05
1.34597156e-01,2.05793384e-05
1.34732566e-01,1.67092718e-05
1.34867976e-01,1.12519169e-05
1.35003385e-01,5.72294849e-06
1.35138795e-01,2.05509246e-06
1.35274204e-01,1.59280278e-06
1.35409614e-01,4.22602665e-06
1.35545024e-01,8.29957151e-06
1.35680433e-01,1.14532094e-05
1.35815843e-01,1.19170801e-05
1.35951253e-01,9.46340867e-06
1.36086662e-01,5.43626570e-06
1.36222072e-01,1.88898362e-06
1.36357481e-01,4.22639815e-07
1.36492891e-01,1.45276021e-06
1.36628301e-01,4.27217020e-06
1.36763710e-01,7.71446731e-06
1.36899120e-01,1.08657492e-05
1.37034529e-01,1.33496859e-05
1.37169939e-01,1.51155700e-05
1.37305349e-01,1.60532366e-05
1.37440758e-01,1.58448568e-05
1.37576168e-01,1.42043286e-05
1.37711578e-01,1.12838896e-05
1.37846987e-01,7.85338224e-06
1.37982397e-01,5.02025980e-06
1.38117806e-01,3.62598427e-06
1.38253216e-01,3.73425280e-06
1.38388626e-01,4.59364916e-06
1.38524035e-01,5.12975532e-06
1.38659445e-01,4.64216461e-06
1.38794854e-01,3.23265891e-06
1.38930264e-01,1.68153548e-06
1.39065674e-01,8.77872185e-07
1.39201083e-01,1.21345706e-06
1.39336493e-01,2.35494043e-06
1.39471903e-01,3.52389266e-06
1.39607312e-01,4.05510341e-06
1.39742722e-01,3.82805460e-06
1.39878131e-01,3.28659170e-06
1.40013541e-01,3.07161107e-06
1.40148951e-01,3.55719250e-06
1.40284360e-01,4.61787762e-06
1.40419770e-01,5.75821641e-06
1.40555179e-01,6.46817718e-06
1.40690589e-01,6.52842748e-06
1.40825999e-01,6.06429567e-06
1.40961408e-01,5.35769545e-06
1.41096818e-01,4.60203928e-06
1.41232227e-01,3.79915307e-06
1.41367637e-01,2.85744009e-06
1.41503047e-01,1.77997361e-06
1.41638456e-01,7.65243892e-07
1.41773866e-01,1.24521516e-07
1.41909276e-01,7.39949356e-08
1.42044685e-01,5.62245217e-07
1.42180095e-01,1.26806376e-06
1.42315504e-01,1.77675217e-06
1.42450914e-01,1.81545110e-06
1.42586324e-01,1.39285955e-06
1.42721733e-01,7.63533976e-07
1.42857143e-01,2.58544697e-07
1.42992552e-01,1.03301215e-07
1.43127962e-01,3.31604085e-07
1.43263372e-01,8.24276488e-07
1.43398781e-01,1.41690201e-06
1.43534191e-01,1.99125860e-06
1.43669601e-01,2.49833658e-06
1.43805010e-01,2.92136798e-06
1.43940420e-01,3.22750583e-06
1.44075829e-01,3.35329684e-06
1.44211239e-01,3.23387897e-06
1.44346649e-01,2.85027494e-06
1.44482058e-01,2.25815545e-06
1.44617468e-01,1.57737232e-06
1.44752877e-01,9.48542860e-07
1.44888287e-01,4.81509838e-07
1.45023697e-01,2.21357098e-07
1.45159106e-01,1.44652990e-07
1.45294516e-01,1.82193510e-07
1.45429926e-01,2.53956729e-07
1.45565335e-01,3.00397981e-07
1.45700745e-01,2.99471690e-07
1.45836154e-01,2.66655418e-07
1.45971564e-01,2.42077321e-07
1.46106974e-01,2.72534524e-07
1.46242383e-01,3.96213478e-07
1.46377793e-01,6.34942159e-07
1.46513202e-01,9.94142747e-07
1.46648612e-01,1.46629510e-06
1.46784022e-01,2.03178021e-06
1.46919431e-01,2.65308204e-06
1.47054841e-01,3.26441389e-06
1.47190251e-01,3.76610832e-06
1.47325660e-01,4.03623914e-06
1.47461070e-01,3.96598005e-06
1.47596479e-01,3.51035899e-06
1.47731889e-01,2.72986889e-06
1.47867299e-01,1.79347776e-06
1.48002708e-01,9.28225320e-07
1.48138118e-01,3.30814321e-07
1.48273527e-01,8.44546569e-08
1.48408937e-01,1.28605004e-07
1.48544347e-01,3.02164762e-07
1.48679756e-01,4.36322301e-07
1.48815166e-01,4.41314307e-07
1.48950575e-01,3.35922597e-07
1.49085985e-01,2.08493124e-07
1.49221395e-01,1.45417248e-07
1.49356804e-01,1.82070769e-07
1.49492214e-01,3.07515410e-07
1.49627624e-01,5.06970753e-07
1.49763033e-01,7.94240333e-07
1.49898443e-01,1.19735124e-06
1.50033852e-01,1.70642848e-06
1.50169262e-01,2.23407382e-06
1.50304672e-01,2.63692178e-06
1.50440081e-01,2.79863365e-06
1.50575491e-01,2.71692114e-06
1.50710900e-01,2.52060036e-06
1.50846310e-01,2.38803946e-06
1.50981720e-01,2.41576273e-06
1.51117129e-01,2.53439915e-06
1.51252539e-01,2.54487765e-06
1.51387949e-01,2.26207075e-06
1.51523358e-01,1.66829528e-06
1.51658768e-01,9.62133667e-07
1.51794177e-01,4.57116357e-07
1.51929587e-01,3.92033833e-07
1.52064997e-01,7.80516959e-07
1.52200406e-01,1.40162747e-06
1.52335816e-01,1.93429758e-06
1.52471225e-01,2.14039408e-06
1.52606635e-01,1.97611445e-06
1.52742045e-01,1.57394899e-06
1.52877454e-01,1.13469995e-06
1.53012864e-01,8.23971778e-07
1.53148274e-01,7.41407374e-07
1.53283683e-01,9.52693346e-07
1.53419093e-01,1.51514379e-06
1.53554502e-01,2.44000350e-06
1.53689912e-01,3.60760627e-06
1.53825322e-01,4.71932351e-06
1.53960731e-01,5.36726308e-06
1.54096141e-01,5.22107089e-06
1.54231550e-01,4.23081938e-06
1.54366960e-01,2.70833301e-06
1.54502370e-01,1.21373148e-06
1.54637779e-01,2.99031050e-07
1.54773189e-01,2.56302524e-07
1.54908599e-01,1.01359418e-06
1.55044008e-01,2.22140678e-06
1.55179418e-01,3.45100459e-06
1.55314827e-01,4.37102336e-06
1.55450237e-01,4.81332106e-06
1.55585647e-01,4.73799790e-06
1.55721056e-01,4.17771591e-06
1.55856466e-01,3.23005789e-06
1.55991875e-01,2.09275117e-06
1.56127285e-01,1.07193383e-06
1.56262695e-01,5.00730472e-07
1.56398104e-01,5.82555913e-07
1.56533514e-01,1.25542222e-06
1.56668923e-01,2.18552516e-06
1.56804333e-01,2.92058243e-06
1.56939743e-01,3.12066089e-06
1.57075152e-01,2.72402504e-06
1.57210562e-01,1.94768120e-06
1.57345972e-01,1.13694197e-06
1.57481381e-01,5.78480367e-07
1.57616791e-01,4.01598934e-07
1.57752200e-01,6.08949491e-07
1.57887610e-01,1.17131257e-06
1.58023020e-01,2.07831038e-06
1.58158429e-01,3.29087089e-06
1.58293839e-01,4.64362755e-06
1.58429248e-01,5.80711016e-06
1.58564658e-01,6.38420874e-06
1.58700068e-01,6.10737254e-06
1.58835477e-01,5.00915192e-06
1.58970887e-01,3.43847124e-06
1.59106297e-01,1.89531773e-06
1.59241706e-01,7.83779198e-07
1.59377116e-01,2.40639360e-07
1.59512525e-01,1.40158415e-07
1.59647935e-01,2.48577724e-07
1.59783345e-01,4.01357952e-07
1.59918754e-01,5.76222182e-07
1.60054164e-01,8.30068794e-07
1.60189573e-01,1.17880627e-06
1.60324983e-01,1.53801916e-06
1.60460393e-01,1.78140554e-06
1.60595802e-01,1.86631028e-06
1.60731212e-01,1.91104770e-06
1.60866622e-01,2.14102628e-06
1.61002031e-01,2.72544541e-06
1.61137441e-01,3.62036358e-06
1.61272850e-01,4.54157751e-06
1.61408260e-01,5.10276417e-06
1.61543670e-01,5.03541134e-06
1.61679079e-01,4.34571267e-06
1.61814489e-01,3.30517162e-06
1.61949898e-01,2.28544572e-06
1.62085308e-01,1.55123655e-06
1.62220718e-01,1.14559635e-06
1.62356127e-01,9.29726144e-07
1.62491537e-01,7.30290326e-07
1.62626947e-01,4.80297662e-07
1.62762356e-01,2.57896208e-07
1.62897766e-01,2.10822007e-07
1.63033175e-01,4.37462442e-07
1.63168585e-01,9.18639779e-07
1.63303995e-01,1.54547793e-06
1.63439404e-01,2.20987292e-06
1.63574814e-01,2.87671959e-06
1.63710223e-01,3.57601962e-06
1.63845633e-01,4.32151274e-06
1.63981043e-01,5.02627256e-06
1.64116452e-01,5.49458087e-06
1.64251862e-01,5.51459822e-06
1.64387271e-01,4.99796750e-06
1.64522681e-01,4.06916389e-06
1.64658091e-01,3.03341455e-06
1.64793500e-01,2.23129245e-06
1.64928910e-01,1.86528155e-06
1.65064320e-01,1.90432721e-06
1.65199729e-01,2.12211100e-06
1.65335139e-01,2.23929346e-06
1.65470548e-01,2.07842595e-06
1.65605958e-01,1.64220074e-06
1.65741368e-01,1.08417145e-06
1.65876777e-01,6.10360668e-07
1.66012187e-01,3.82328538e-07
1.66147596e-01,4.71941177e-07
1.66283006e-01,8.69982189e-07
1.66418416e-01,1.51589353e-06
1.66553825e-01,2.31748368e-06
1.66689235e-01,3.15686152e-06
1.66824645e-01,3.90136417e-06
1.66960054e-01,4.43417233e-06
1.67095464e-01,4.69472444e-06
1.67230873e-01,4.70035401e-06
1.67366283e-01,4.52828957e-06
1.67501693e-01,4.26663709e-06
1.67637102e-01,3.96799202e-06
1.67772512e-01,3.63686913e-06
1.67907921e-01,3.25376644e-06
1.68043331e-01,2.80965497e-06
1.68178741e-01,2.32069792e-06
1.68314150e-01,1.81629963e-06
1.68449560e-01,1.32061926e-06
1.68584970e-01,8.51785934e-07
1.68720379e-01,4.39929062e-07
1.68855789e-01,1.38804553e-07
1.68991198e-01,5.49649609e-09
1.69126608e-01,5.38490724e-08
1.69262018e-01,2.22430260e-07
1.69397427e-01,3.99614143e-07
1.69532837e-01,5.05644138e-07
1.69668246e-01,5.75242066e-07
1.69803656e-01,7.65410493e-07
1.69939066e-01,1.25812273e-06
1.70074475e-01,2.11009929e-06
1.70209885e-01,3.15733914e-06
1.70345295e-01,4.05908968e-06
1.70480704e-01,4.47176875e-06
1.70616114e-01,4.24510165e-06
1.70751523e-01,3.50743047e-06
1.70886933e-01,2.58003051e-06
1.71022343e-01,1.78057912e-06
1.71157752e-01,1.25344447e-06
1.71293162e-01,9.39560452e-07
1.71428571e-01,6.90345561e-07
1.71563981e-01,4.22558975e-07
1.71699391e-01,1.87659592e-07
1.71834800e-01,1.06424403e-07
1.71970210e-01,2.33674797e-07
1.72105619e-01,4.76016781e-07
1.72241029e-01,6.40548102e-07
1.72376439e-01,5.81372869e-07
1.72511848e-01,3.24761296e-07
1.72647258e-01,6.47407419e-08
1.72782668e-01,2.24383803e-08
1.72918077e-01,2.74083371e-07
1.73053487e-01,6.83558599e-07
1.73188896e-01,9.98100800e-07
1.73324306e-01,1.03879489e-06
1.73459716e-01,8.40540317e-07
1.73595125e-01,6.31054823e-07
1.73730535e-01,6.60121570e-07
1.73865944e-01,1.00542018e-06
1.74001354e-01,1.50103994e-06
1.74136764e-01,1.84380161e-06
1.74272173e-01,1.80039565e-06
1.74407583e-01,1.36531870e-06
1.74542993e-01,7.59156095e-07
1.74678402e-01,2.75983395e-07
1.74813812e-01,9.57716102e-08
1.74949221e-01,1.93796462e-07
1.75084631e-01,3.97868068e-07
1.75220041e-01,5.32840142e-07
1.75355450e-01,5.36150239e-07
1.75490860e-01,4.65459731e-07
1.75626269e-01,4.13042045e-07
1.75761679e-01,4.13640123e-07
1.75897089e-01,4.27640196e-07
1.76032498e-01,4.08947565e-07
1.76167908e-01,3.90071723e-07
1.76303318e-01,4.99523272e-07
1.76438727e-01,8.82115043e-07
1.76574137e-01,1.57510606e-06
1.76709546e-01,2.43545577e-06
1.76844956e-01,3.18170020e-06
1.76980366e-01,3.53241558e-06
1.77115775e-01,3.35405750e-06
1.77251185e-01,2.72495000e-06
1.77386594e-01,1.88106075e-06
1.77522004e-01,1.08731314e-06
1.77657414e-01,5.19488670e-07
1.77792823e-01,2.21676610e-07
1.77928233e-01,1.44410496e-07
1.78063643e-01,2.16149308e-07
1.78199052e-01,3.91008737e-07
1.78334462e-01,6.48025160e-07
1.78469871e-01,9.60767256e-07
1.78605281e-01,1.27642974e-06
1.78740691e-01,1.52891853e-06
1.78876100e-01,1.67731188e-06
1.79011510e-01,1.73773463e-06
1.79146919e-01,1.78052543e-06
1.79282329e-01,1.89042620e-06
1.79417739e-01,2.11437126e-06
1.79553148e-01,2.42980931e-06
1.79688558e-01,2.75214068e-06
1.79823968e-01,2.97485712e-06
1.79959377e-01,3.01785875e-06
1.80094787e-01,2.85845627e-06
1.80230196e-01,2.53328661e-06
1.80365606e-01,2.11665297e-06
1.80501016e-01,1.69072687e-06
1.80636425e-01,1.32210544e-06
1.80771835e-01,1.05122298e-06
1.80907244e-01,8.92928516e-07
1.81042654e-01,8.42612979e-07
1.81178064e-01,8.82739151e-07
1.81313473e-01,9.87123289e-07
1.81448883e-01,1.12273446e-06
1.81584292e-01,1.25070465e-06
1.81719702e-01,1.32965727e-06
1.81855112e-01,1.32447538e-06
1.81990521e-01,1.22069444e-06
1.82125931e-01,1.03894439e-06
1.82261341e-01,8.38971631e-07
1.82396750e-01,7.04244710e-07
1.82532160e-01,7.08466471e-07
1.82667569e-01,8.79660680e-07
1.82802979e-01,1.18486017e-06
1.82938389e-01,1.54980452e-06
1.83073798e-01,1.90526499e-06
1.83209208e-01,2.22953925e-06
1.83344617e-01,2.55384257e-06
1.83480027e-01,2.92094643e-06
1.83615437e-01,3.32368595e-06
1.83750846e-01,3.67180290e-06
1.83886256e-01,3.82197455e-06
1.84021666e-01,3.66146089e-06
1.84157075e-01,3.19133274e-06
1.84292485e-01,2.54654927e-06
1.84427894e-01,1.92942531e-06
1.84563304e-01,1.49529685e-06
1.84698714e-01,1.26793693e-06
1.84834123e-01,1.14489455e-06
1.84969533e-01,9.88358688e-07
1.85104942e-01,7.33014435e-07
1.85240352e-01,4.29329259e-07
1.85375762e-01,1.91921043e-07
1.85511171e-01,9.99341516e-08
1.85646581e-01,1.37669788e-07
1.85781991e-01,2.32438738e-07
1.85917400e-01,3.63439913e-07
1.86052810e-01,6.46156202e-07
1.86188219e-01,1.30144910e-06
1.86323629e-01,2.50207542e-06
1.86459039e-01,4.19226412e-06
1.86594448e-01,6.01723962e-06
1.86729858e-01,7.43909249e-06
1.86865267e-01,7.98982271e-06
1.87000677e-01,7.51095897e-06
1.87136087e-01,6.22896978e-06
1.87271496e-01,4.62130130e-06
1.87406906e-01,3.16527469e-06
1.87542316e-01,2.13244845e-06
1.87677725e-01,1.54485376e-06
1.87813135e-01,1.28441480e-06
1.87948544e-01,1.23974594e-06
1.88083954e-01,1.36606755e-06
1.88219364e-01,1.62657259e-06
1.88354773e-01,1.89829377e-06
1.88490183e-01,1.96497985e-06
1.88625592e-01,1.64640424e-06
1.88761002e-01,9.83986562e-07
1.88896412e-01,3.24699167e-07
1.89031821e-01,1.93189773e-07
1.89167231e-01,9.92501887e-07
1.89302640e-01,2.71680052e-06
1.89438050e-01,4.88029526e-06
1.89573460e-01,6.73604797e-06
1.89708869e-01,7.66280773e-06
1.89844279e-01,7.47824760e-06
1.89979689e-01,6.48415329e-06
1.90115098e-01,5.23195411e-06
1.90250508e-01,4.18354466e-06
1.90385917e-01,3.49749835e-06
1.90521327e-01,3.05919762e-06
1.90656737e-01,2.68558602e-06
1.90792146e-01,2.31638340e-06
1.90927556e-01,2.04028236e-06
1.91062965e-01,1.95860074e-06
1.91198375e-01,2.02977633e-06
1.91333785e-01,2.05055156e-06
1.91469194e-01,1.80592706e-06
1.91604604e-01,1.26599627e-06
1.91740014e-01,6.55169348e-07
1.91875423e-01,3.16168271e-07
1.92010833e-01,4.60929406e-07
1.92146242e-01,1.00299770e-06
1.92281652e-01,1.61260342e-06
1.92417062e-01,1.96365532e-06
1.92552471e-01,1.98692812e-06
1.92687881e-01,1.93114140e-06
1.92823290e-01,2.17706016e-06
1.92958700e-01,2.93869138e-06
1.93094110e-01,4.07312868e-06
1.93229519e-01,5.13957487e-06
1.93364929e-01,5.66322179e-06
1.93500339e-01,5.41433060e-06
1.93635748e-01,4.51438893e-06
1.93771158e-01,3.31949642e-06
1.93906567e-01,2.19182729e-06
1.94041977e-01,1.33028689e-06
1.94177387e-01,7.56737216e-07
1.94312796e-01,4.18333680e-07
1.94448206e-01,2.85069803e-07
1.94583615e-01,3.53998078e-07
1.94719025e-01,5.77506035e-07
1.94854435e-01,8.12849324e-07
1.94989844e-01,8.72901630e-07
1.95125254e-01,6.61093758e-07
1.95260664e-01,2.84251066e-07
1.95396073e-01,3.64872921e-08
1.95531483e-01,2.40415467e-07
1.95666892e-01,1.04408915e-06
1.95802302e-01,2.31210247e-06
1.95937712e-01,3.68480219e-06
1.96073121e-01,4.76184551e-06
1.96208531e-01,5.28649182e-06
1.96343940e-01,5.22139734e-06
1.96479350e-01,4.69564218e-06
1.96614760e-01,3.89137100e-06
1.96750169e-01,2.96097091e-06
1.96885579e-01,2.01595323e-06
1.97020988e-01,1.15854351e-06
1.97156398e-01,4.97071595e-07
1.97291808e-01,1.15661827e-07
1.97427217e-01,2.32778102e-08
1.97562627e-01,1.34487176e-07
1.97698037e-01,3.10473538e-07
1.97833446e-01,4.37110182e-07
1.97968856e-01,4.84157101e-07
1.98104265e-01,5.04030419e-07
1.98239675e-01,5.76524197e-07
1.98375085e-01,7.45952549e-07
1.98510494e-01,9.97253916e-07
1.98645904e-01,1.28101285e-06
1.98781313e-01,1.55739559e-06
1.98916723e-01,1.81852161e-06
1.99052133e-01,2.07305099e-06
1.99187542e-01,2.31175123e-06
1.99322952e-01,2.48833929e-06
1.99458362e-01,2.53518086e-06
1.99593771e-01,2.40369992e-06
1.99729181e-01,2.10003586e-06
1.99864590e-01,1.69124809e-06
2.00000000e-01,1.27903609e-06
2.00135410e-01,9.58021881e-07
2.00270819e-01,7.80938013e-07
2.00406229e-01,7.44581468e-07
2.00541638e-01,7.98142614e-07
2.00677048e-01,8.67580364e-07
2.00812458e-01,8.86634380e-07
2.00947867e-01,8.23648256e-07
2.01083277e-01,6.93185648e-07
2.01218687e-01,5.45881728e-07
2.01354096e-01,4.40514126e-07
2.01489506e-01,4.13599522e-07
2.01624915e-01,4.64492526e-07
2.01760325e-01,5.63713674e-07
2.01895735e-01,6.75827702e-07
2.02031144e-01,7.79054280e-07
2.02166554e-01,8.69731956e-07
2.02301963e-01,9.54915245e-07
2.02437373e-01,1.04598762e-06
2.02572783e-01,1.16071658e-06
2.02708192e-01,1.32659583e-06
2.02843602e-01,1.57107081e-06
2.02979012e-01,1.89486998e-06
2.03114421e-01,2.24554246e-06
2.03249831e-01,2.51866809e-06
2.03385240e-01,2.59946666e-06
2.03520650e-01,2.42560434e-06
2.03656060e-01,2.02925326e-06
2.03791469e-01,1.52538744e-06
2.03926879e-01,1.05066963e-06
2.04062288e-01,6.94125616e-07
2.04197698e-01,4.66347982e-07
2.04333108e-01,3.22732947e-07
2.04468517e-01,2.14368800e-07
2.04603927e-01,1.22990708e-07
2.04739336e-01,5.72625788e-08
2.04874746e-01,2.59106209e-08
2.05010156e-01,2.29526757e-08
2.05145565e-01,4.35092607e-08
2.05280975e-01,1.12415062e-07
2.05416385e-01,2.88487440e-07
2.05551794e-01,6.26197530e-07
2.05687204e-01,1.11841630e-06
2.05822613e-01,1.66951338e-06
2.05958023e-01,2.13022485e-06
2.06093433e-01,2.37612038e-06
2.06228842e-01,2.37289610e-06
2.06364252e-01,2.17967196e-06
2.06499661e-01,1.89153560e-06
2.06635071e-01,1.57200974e-06
2.06770481e-01,1.23137704e-06
2.06905890e-01,8.62832080e-07
2.07041300e-01,4.94591904e-07
2.07176710e-01,2.01359248e-07
2.07312119e-01,5.72790661e-08
2.07447529e-01,7.02061588e-08
2.07582938e-01,1.60530763e-07
2.07718348e-01,2.13087226e-07
2.07853758e-01,1.66240574e-07
2.07989167e-01,6.49715507e-08
2.08124577e-01,2.98246037e-08
2.08259986e-01,1.62027736e-07
2.08395396e-01,4.59199614e-07
2.08530806e-01,8.08992914e-07
2.08666215e-01,1.06497935e-06
2.08801625e-01,1.14315712e-06
2.08937035e-01,1.06390392e-06
2.09072444e-01,9.12929594e-07
2.09207854e-01,7.62578906e-07
2.09343263e-01,6.23589895e-07
2.09478673e-01,4.64475531e-07
2.09614083e-01,2.72440351e-07
2.09749492e-01,9.27900621e-08
2.09884902e-01,5.15303379e-09
2.10020311e-01,5.44360641e-08
2.10155721e-01,1.98806335e-07
2.10291131e-01,3.26332729e-07
2.10426540e-01,3.34604493e-07
2.10561950e-01,2.12498077e-07
2.10697360e-01,5.73604940e-08
2.10832769e-01,9.86043619e-09
2.10968179e-01,1.52815730e-07
2.11103588e-01,4.48152587e-07
2.11238998e-01,7.56922114e-07
2.11374408e-01,9.25845247e-07
2.11509817e-01,8.78355605e-07
2.11645227e-01,6.50891884e-07
2.11780636e-01,3.59195729e-07
2.11916046e-01,1.27639149e-07
2.12051456e-01,3.18802099e-08
2.12186865e-01,8.43211470e-08
2.12322275e-01,2.55320244e-07
2.12457684e-01,5.01082902e-07
2.12593094e-01,7.75293401e-07
2.12728504e-01,1.02493507e-06
2.12863913e-01,1.18851509e-06
2.12999323e-01,1.21213038e-06
2.13134733e-01,1.07959876e-06
2.13270142e-01,8.34866922e-07
2.13405552e-01,5.74214145e-07
2.13540961e-01,4.04267495e-07
2.13676371e-01,3.86491242e-07
2.13811781e-01,5.01649590e-07
2.13947190e-01,6.58692384e-07
2.14082600e-01,7.46330039e-07
2.14218009e-01,6.98601788e-07
2.14353419e-01,5.35609676e-07
2.14488829e-01,3.54515378e-07
2.14624238e-01,2.75900525e-07
2.14759648e-01,3.77777885e-07
2.14895058e-01,6.56290172e-07
2.15030467e-01,1.03396803e-06
2.15165877e-01,1.40570202e-06
2.15301286e-01,1.69031659e-06
2.15436696e-01,1.85661862e-06
2.15572106e-01,1.91477503e-06
2.15707515e-01,1.88914686e-06
2.15842925e-01,1.79811727e-06
2.15978334e-01,1.65427153e-06
2.16113744e-01,1.47672407e-06
2.16249154e-01,1.29591177e-06
2.16384563e-01,1.13991574e-06
2.16519973e-01,1.01206744e-06
2.16655383e-01,8.82669182e-07
2.16790792e-01,7.09463565e-07
2.16926202e-01,4.77081229e-07
2.17061611e-01,2.25623301e-07
2.17197021e-01,4.15877248e-08
2.17332431e-01,1.08425781e-08
2.17467840e-01,1.63441355e-07
2.17603250e-01,4.49353483e-07
2.17738659e-01,7.63894044e-07
2.17874069e-01,1.00648734e-06
2.18009479e-01,1.13316073e-06
2.18144888e-01,1.16930865e-06
2.18280298e-01,1.17910222e-06
2.18415708e-01,1.21780125e-06
2.18551117e-01,1.30087936e-06
2.18686527e-01,1.40592017e-06
2.18821936e-01,1.49659420e-06
2.18957346e-01,1.54463830e-06
2.19092756e-01,1.53442454e-06
2.19228165e-01,1.45485613e-06
2.19363575e-01,1.29557929e-06
2.19498984e-01,1.05808608e-06
2.19634394e-01,7.74023554e-07
2.19769804e-01,5.10750276e-07
2.19905213e-01,3.50470240e-07
2.20040623e-01,3.50128830e-07
2.20176032e-01,5.07318634e-07
2.20311442e-01,7.56866239e-07
2.20446852e-01,1.00276194e-06
2.20582261e-01,1.16583982e-06
2.20717671e-01,1.21764365e-06
2.20853081e-01,1.18220864e-06
2.20988490e-01,1.11026973e-06
2.21123900e-01,1.04695256e-06
2.21259309e-01,1.01313600e-06
2.21394719e-01,1.00606890e-06
2.21530129e-01,1.01022697e-06
2.21665538e-01,1.00626144e-06
2.21800948e-01,9.74032143e-07
2.21936357e-01,8.95066850e-07
2.22071767e-01,7.60615617e-07
2.22207177e-01,5.83465540e-07
2.22342586e-01,4.03663518e-07
2.22477996e-01,2.79334444e-07
2.22613406e-01,2.64219696e-07
2.22748815e-01,3.84529307e-07
2.22884225e-01,6.29268378e-07
2.23019634e-01,9.58656781e-07
2.23155044e-01,1.32276829e-06
2.23290454e-01,1.67750150e-06
2.23425863e-01,1.99069785e-06
2.23561273e-01,2.24108535e-06
2.23696682e-01,2.41707579e-06
2.23832092e-01,2.51801882e-06
2.23967502e-01,2.55340134e-06
2.24102911e-01,2.53468452e-06
2.24238321e-01,2.46218592e-06
2.24373731e-01,2.31804982e-06
2.24509140e-01,2.07562409e-06
2.24644550e-01,1.72325896e-06
2.24779959e-01,1.28638010e-06
2.24915369e-01,8.29259360e-07
2.25050779e-01,4.31686504e-07
2.25186188e-01,1.55482173e-07
2.25321598e-01,2.44157040e-08
2.25457007e-01,3.01864285e-08
2.25592417e-01,1.55398581e-07
2.25727827e-01,3.91009059e-07
2.25863236e-01,7.32812054e-07
2.25998646e-01,1.16284397e-06
2.26134056e-01,1.63723790e-06
2.26269465e-01,2.09667022e-06
2.26404875e-01,2.49327525e-06
2.26540284e-01,2.80967032e-06
2.26675694e-01,3.05019876e-06
2.26811104e-01,3.20980180e-06
2.26946513e-01,3.24968519e-06
2.27081923e-01,3.10773411e-06
2.27217332e-01,2.74334575e-06
2.27352742e-01,2.18401038e-06
2.27488152e-01,1.53379695e-06
2.27623561e-01,9.30725456e-07
2.27758971e-01,4.80059336e-07
2.27894381e-01,2.10178338e-07
2.28029790e-01,7.98034620e-08
2.28165200e-01,2.48703643e-08
2.28300609e-01,4.72618580e-09
2.28436019e-01,1.41413695e-08
2.28571429e-01,6.18066506e-08
2.28706838e-01,1.45375189e-07
2.28842248e-01,2.51043938e-07
2.28977657e-01,3.75607695e-07
2.29113067e-01,5.41267451e-07
2.29248477e-01,7.76974322e-07
2.29383886e-01,1.07385078e-06
2.29519296e-01,1.35486946e-06
2.29654705e-01,1.49686844e-06
2.29790115e-01,1.40253655e-06
2.29925525e-01,1.07383734e-06
2.30060934e-01,6.28109169e-07
2.30196344e-01,2.37037910e-07
2.30331754e-01,2.75945314e-08
2.30467163e-01,1.45935164e-08
2.30602573e-01,1.10505765e-07
2.30737982e-01,1.98880017e-07
2.30873392e-01,2.11922968e-07
2.31008802e-01,1.57117366e-07
2.31144211e-01,8.54919385e-08
2.31279621e-01,4.20308471e-08
2.31415030e-01,4.55497936e-08
2.31550440e-01,1.08315342e-07
2.31685850e-01,2.61840898e-07
2.31821259e-01,5.47310642e-07
2.31956669e-01,9.65832819e-07
2.32092079e-01,1.43128075e-06
2.32227488e-01,1.78039603e-06
2.32362898e-01,1.85453781e-06
2.32498307e-01,1.60564744e-06
2.32633717e-01,1.14850207e-06
2.32769127e-01,7.12013748e-07
2.32904536e-01,5.13669600e-07
2.33039946e-01,6.37997279e-07
2.33175355e-01,9.97465321e-07
2.33310765e-01,1.39497933e-06
2.33446175e-01,1.63812638e-06
2.33581584e-01,1.62871730e-06
2.33716994e-01,1.38232218e-06
2.33852404e-01,9.89963816e-07
2.33987813e-01,5.69193973e-07
2.34123223e-01,2.40018837e-07
2.34258632e-01,1.20978725e-07
2.34394042e-01,3.13853464e-07
2.34529452e-01,8.58325736e-07
2.34664861e-01,1.67798955e-06
2.34800271e-01,2.56686209e-06
2.34935680e-01,3.25052693e-06
2.35071090e-01,3.50483505e-06
2.35206500e-01,3.26738835e-06
2.35341909e-01,2.67268383e-06
2.35477319e-01,1.98723931e-06
2.35612729e-01,1.48366300e-06
2.35748138e-01,1.32687908e-06
2.35883548e-01,1.52914660e-06
2.36018957e-01,1.97992950e-06
2.36154367e-01,2.51237164e-06
2.36289777e-01,2.96052663e-06
2.36425186e-01,3.18840586e-06
2.36560596e-01,3.10407600e-06
2.36696005e-01,2.68012774e-06
2.36831415e-01,1.98155322e-06
2.36966825e-01,1.17594862e-06
2.37102234e-01,4.97279825e-07
2.37237644e-01,1.61557297e-07
2.37373053e-01,2.71100504e-07
2.37508463e-01,7.62103970e-07
2.37643873e-01,1.43056248e-06
2.37779282e-01,2.02569990e-06
2.37914692e-01,2.35973709e-06
2.38050102e-01,2.37591821e-06
2.38185511e-01,2.14630842e-06
2.38320921e-01,1.81434691e-06
2.38456330e-01,1.52427092e-06
2.38591740e-01,1.37512086e-06
2.38727150e-01,1.40998442e-06
2.38862559e-01,1.62530166e-06
2.38997969e-01,1.97902769e-06
2.39133378e-01,2.39063325e-06
2.39268788e-01,2.74421736e-06
2.39404198e-01,2.91075844e-06
2.39539607e-01,2.79196417e-06
2.39675017e-01,2.36763129e-06
2.39810427e-01,1.71827365e-06
2.39945836e-01,1.00447613e-06
2.40081246e-01,4.08355448e-07
2.40216655e-01,6.45730093e-08
2.40352065e-01,1.41553341e-08
2.40487475e-01,2.01038660e-07
2.40622884e-01,5.08173422e-07
2.40758294e-01,8.11422436e-07
2.40893703e-01,1.02477976e-06
2.41029113e-01,1.11958168e-06
2.41164523e-01,1.11588736e-06
2.41299932e-01,1.05711754e-06
2.41435342e-01,9.83894585e-07
2.41570752e-01,9.19394171e-07
2.41706161e-01,8.69675278e-07
2.41841571e-01,8.33313722e-07
2.41976980e-01,8.09948982e-07
2.42112390e-01,7.99816917e-07
2.42247800e-01,7.94904844e-07
2.42383209e-01,7.71514323e-07
2.42518619e-01,6.96324225e-07
2.42654028e-01,5.49518027e-07
2.42789438e-01,3.53273751e-07
2.42924848e-01,1.83264898e-07
2.43060257e-01,1.45717811e-07
2.43195667e-01,3.23842952e-07
2.43331077e-01,7.22116557e-07
2.43466486e-01,1.24577463e-06
2.43601896e-01,1.73532264e-06
2.43737305e-01,2.04059242e-06
2.43872715e-01,2.09030746e-06
2.44008125e-01,1.91399557e-06
2.44143534e-01,1.60550910e-06
2.44278944e-01,1.25852281e-06
2.44414353e-01,9.22525131e-07
2.44549763e-01,6.07787035e-07
2.44685173e-01,3.24981368e-07
2.44820582e-01,1.14992712e-07
2.44955992e-01,3.37602838e-08
2.45091401e-01,9.99066268e-08
2.45226811e-01,2.53219715e-07
2.45362221e-01,3.72289515e-07
2.45497630e-01,3.54138152e-07
2.45633040e-01,2.02193152e-07
2.45768450e-01,5.02540627e-08
2.45903859e-01,9.08079237e-08
2.46039269e-01,4.48801880e-07
2.46174678e-01,1.08920914e-06
2.46310088e-01,1.82718716e-06
2.46445498e-01,2.43474512e-06
2.46580907e-01,2.76578818e-06
2.46716317e-01,2.81051543e-06
2.46851726e-01,2.64999454e-06
2.46987136e-01,2.36285533e-06
2.47122546e-01,1.97038669e-06
2.47257955e-01,1.46497057e-06
2.47393365e-01,8.86118064e-07
2.47528775e-01,3.60212644e-07
2.47664184e-01,4.94514938e-08
2.47799594e-01,3.93513752e-08
2.47935003e-01,2.58965227e-07
2.48070413e-01,5.12472460e-07
2.48205823e-01,6.12124102e-07
2.48341232e-01,5.13678899e-07
2.48476642e-01,3.44800554e-07
2.48612051e-01,2.99107512e-07
2.48747461e-01,4.78387672e-07
2.48882871e-01,8.10416667e-07
2.49018280e-01,1.10924410e-06
2.49153690e-01,1.22706414e-06
2.49289100e-01,1.17040050e-06
2.49424509e-01,1.08363141e-06
2.49559919e-01,1.11523935e-06
2.49695328e-01,1.28153744e-06
2.49830738e-01,1.44447097e-06
2.49966148e-01,1.42277037e-06
2.50101557e-01,1.14264510e-06
2.50236967e-01,7.01852798e-07
2.50372376e-01,2.96055128e-07
2.50507786e-01,7.31376767e-08
2.50643196e-01,3.88189704e-08
2.50778605e-01,8.73964507e-08
2.50914015e-01,1.20369658e-07
2.51049425e-01,1.41166559e-07
2.51184834e-01,2.40513687e-07
2.51320244e-01,4.88660197e-07
2.51455653e-01,8.36242390e-07
2.51591063e-01,1.11915162e-06
2.51726473e-01,1.17075031e-06
2.51861882e-01,9.49268435e-07
2.51997292e-01,5.73330133e-07
2.52132701e-01,2.36477055e-07
2.52268111e-01,7.27675178e-08
2.52403521e-01,8.19834662e-08
2.52538930e-01,1.65792015e-07
2.52674340e-01,2.29538315e-07
2.52809749e-01,2.54578909e-07
2.52945159e-01,2.83956957e-07
2.53080569e-01,3.50035770e-07
2.53215978e-01,4.25100138e-07
2.53351388e-01,4.47543186e-07
2.53486798e-01,3.96694844e-07
2.53622207e-01,3.36283188e-07
2.53757617e-01,3.72517788e-07
2.53893026e-01,5.55206272e-07
2.54028436e-01,8.11557237e-07
2.54163846e-01,9.81681496e-07
2.54299255e-01,9.36467891e-07
2.54434665e-01,6.81140081e-07
2.54570074e-01,3.53909056e-07
2.54705484e-01,1.17648159e-07
2.54840894e-01,3.68701116e-08
2.54976303e-01,4.73102238e-08
2.55111713e-01,4.45558440e-08
2.55247123e-01,1.06952104e-08
2.55382532e-01,5.96162350e-08
2.55517942e-01,3.49556273e-07
2.55653351e-01,9.29488327e-07
2.55788761e-01,1.65131715e-06
2.55924171e-01,2.23297159e-06
2.56059580e-01,2.43477436e-06
2.56194990e-01,2.21596333e-06
2.56330399e-01,1.75121514e-06
2.56465809e-01,1.29850362e-06
2.56601219e-01,1.02640390e-06
2.56736628e-01,9.34202511e-07
2.56872038e-01,9.13658341e-07
2.57007448e-01,8.81336363e-07
2.57142857e-01,8.57399151e-07
2.57278267e-01,9.23243588e-07
2.57413676e-01,1.10435589e-06
2.57549086e-01,1.29572570e-06
2.57684496e-01,1.31292542e-06
2.57819905e-01,1.04147977e-06
2.57955315e-01,5.64941187e-07
2.58090724e-01,1.57865671e-07
2.58226134e-01,1.31332559e-07
2.58361544e-01,6.34192664e-07
2.58496953e-01,1.55001945e-06
2.58632363e-01,2.55961283e-06
2.58767773e-01,3.31915956e-06
2.58903182e-01,3.62844895e-06
2.59038592e-01,3.48605701e-06
2.59174001e-01,3.02313658e-06
2.59309411e-01,2.39441062e-06
2.59444821e-01,1.71763567e-06
2.59580230e-01,1.09012965e-06
2.59715640e-01,6.33341109e-07
2.59851049e-01,4.91661070e-07
2.59986459e-01,7.58902909e-07
2.60121869e-01,1.38180538e-06
2.60257278e-01,2.12727142e-06
2.60392688e-01,2.66405306e-06
2.60528097e-01,2.72599486e-06
2.60663507e-01,2.25796143e-06
2.60798917e-01,1.44941273e-06
2.60934326e-01,6.33008426e-07
2.61069736e-01,1.13590873e-07
2.61205146e-01,3.30603579e-08
2.61340555e-01,3.43204571e-07
2.61475965e-01,8.80146319e-07
2.61611374e-01,1.47025196e-06
2.61746784e-01,1.99225014e-06
2.61882194e-01,2.37102661e-06
2.62017603e-01,2.54014316e-06
2.62153013e-01,2.43247196e-06
2.62288422e-01,2.02510777e-06
2.62423832e-01,1.40537217e-06
2.62559242e-01,7.90524041e-07
2.62694651e-01,4.56728125e-07
2.62830061e-01,5.99587411e-07
2.62965471e-01,1.20901955e-06
2.63100880e-01,2.04643916e-06
2.63236290e-01,2.75249565e-06
2.63371699e-01,3.02810771e-06
2.63507109e-01,2.78105605e-06
2.63642519e-01,2.15211620e-06
2.63777928e-01,1.41436364e-06
2.63913338e-01,8.20262854e-07
2.64048747e-01,4.96368538e-07
2.64184157e-01,4.39643061e-07
2.64319567e-01,5.89984089e-07
2.64454976e-01,9.01997130e-07
2.64590386e-01,1.35308070e-06
2.64725796e-01,1.89011168e-06
2.64861205e-01,2.37822592e-06
2.64996615e-01,2.62063859e-06
2.65132024e-01,2.46124548e-06
2.65267434e-01,1.90647973e-06
2.65402844e-01,1.17134370e-06
2.65538253e-01,5.96669874e-07
2.65673663e-01,4.73493632e-07
2.65809072e-01,8.80882435e-07
2.65944482e-01,1.64155326e-06
2.66079892e-01,2.42390976e-06
2.66215301e-01,2.92319326e-06
2.66350711e-01,3.00680292e-06
2.66486121e-01,2.74177378e-06
2.66621530e-01,2.30875676e-06
2.66756940e-01,1.88121725e-06
2.66892349e-01,1.55804592e-06
2.67027759e-01,1.38069138e-06
2.67163169e-01,1.39143587e-06
2.67298578e-01,1.65793365e-06
2.67433988e-01,2.22468542e-06
2.67569397e-01,3.02453332e-06
2.67704807e-01,3.83197628e-06
2.67840217e-01,4.32246094e-06
2.67975626e-01,4.22672521e-06
2.68111036e-01,3.49202686e-06
2.68246445e-01,2.34253853e-06
2.68381855e-01,1.18826477e-06
2.68517265e-01,4.28291851e-07
2.68652674e-01,2.62939848e-07
2.68788084e-01,6.22488762e-07
2.68923494e-01,1.24322592e-06
2.69058903e-01,1.82914196e-06
2.69194313e-01,2.19316945e-06
2.69329722e-01,2.30189009e-06
2.69465132e-01,2.22444844e-06
2.69600542e-01,2.05059909e-06
2.69735951e-01,1.84877314e-06
2.69871361e-01,1.68427143e-06
2.70006770e-01,1.65584009e-06
2.70142180e-01,1.88867021e-06
2.70277590e-01,2.46101929e-06
2.70412999e-01,3.30844991e-06
2.70548409e-01,4.18737459e-06
2.70683819e-01,4.75188452e-06
2.70819228e-01,4.71942737e-06
2.70954638e-01,4.02912200e-06
2.71090047e-01,2.88837319e-06
2.71225457e-01,1.67066962e-06
2.71360867e-01,7.25189421e-07
2.71496276e-01,2.16823114e-07
2.71631686e-01,9.10136114e-08
2.71767095e-01,1.69285068e-07
2.71902505e-01,2.93701032e-07
2.72037915e-01,4.15350641e-07
2.72173324e-01,5.76572125e-07
2.72308734e-01,8.23018580e-07
2.72444144e-01,1.13144575e-06
2.72579553e-01,1.41572739e-06
2.72714963e-01,1.60036711e-06
2.72850372e-01,1.69058916e-06
2.72985782e-01,1.77117154e-06
2.73121192e-01,1.92900270e-06
2.73256601e-01,2.16292759e-06
2.73392011e-01,2.35989195e-06
2.73527420e-01,2.36435593e-06
2.73662830e-01,2.09102170e-06
2.73798240e-01,1.59327746e-06
2.73933649e-01,1.03343430e-06
2.74069059e-01,5.78515380e-07
2.74204469e-01,3.03336968e-07
2.74339878e-01,1.73339947e-07
2.74475288e-01,1.12117108e-07
2.74610697e-01,8.95715929e-08
2.74746107e-01,1.53388079e-07
2.74881517e-01,3.78383976e-07
2.75016926e-01,7.79992714e-07
2.75152336e-01,1.26877719e-06
2.75287745e-01,1.68769727e-06
2.75423155e-01,1.90423754e-06
2.75558565e-01,1.88502901e-06
2.75693974e-01,1.69756507e-06
2.75829384e-01,1.44522170e-06
2.75964794e-01,1.19405733e-06
2.76100203e-01,9.49448424e-07
2.76235613e-01,6.91414179e-07
2.76371022e-01,4.25422936e-07
2.76506432e-01,1.96527530e-07
2.76641842e-01,5.43253707e-08
2.76777251e-01,5.95597561e-09
2.76912661e-01,7.37215826e-09
2.77048070e-01,7.15696484e-09
2.77183480e-01,5.35293621e-09
2.77318890e-01,7.05958768e-08
2.77454299e-01,2.91877595e-07
2.77589709e-01,6.98862361e-07
2.77725118e-01,1.21599585e-06
2.77860528e-01,1.69177988e-06
2.77995938e-01,1.98451030e-06
2.78131347e-01,2.04036172e-06
2.78266757e-01,1.90716129e-06
2.78402167e-01,1.68041010e-06
2.78537576e-01,1.43110764e-06
2.78672986e-01,1.17356229e-06
2.78808395e-01,8.91103639e-07
2.78943805e-01,5.86075384e-07
2.79079215e-01,3.02966616e-07
2.79214624e-01,1.03108101e-07
2.79350034e-01,1.66342764e-08
2.79485443e-01,1.85624553e-08
2.79620853e-01,5.23675492e-08
2.79756263e-01,7.92528695e-08
2.79891672e-01,1.06891237e-07
2.80027082e-01,1.70575640e-07
2.80162492e-01,2.84846483e-07
2.80297901e-01,4.12918845e-07
2.80433311e-01,4.86824354e-07
2.80568720e-01,4.65030861e-07
2.80704130e-01,3.77652866e-07
2.80839540e-01,3.15999647e-07
2.80974949e-01,3.68856760e-07
2.81110359e-01,5.53670356e-07
2.81245768e-01,7.97108336e-07
2.81381178e-01,9.80667559e-07
2.81516588e-01,1.01598039e-06
2.81651997e-01,8.93727491e-07
2.81787407e-01,6.75092997e-07
2.81922817e-01,4.41854444e-07
2.82058226e-01,2.49815750e-07
2.82193636e-01,1.18477717e-07
2.82329045e-01,5.22787905e-08
2.82464455e-01,6.12408516e-08
2.82599865e-01,1.55476353e-07
2.82735274e-01,3.19726028e-07
2.82870684e-01,4.98881852e-07
2.83006093e-01,6.18539635e-07
2.83141503e-01,6.31749099e-07
2.83276913e-01,5.54996890e-07
2.83412322e-01,4.60426648e-07
2.83547732e-01,4.25824145e-07
2.83683142e-01,4.79420851e-07
2.83818551e-01,5.81885281e-07
2.83953961e-01,6.57959052e-07
2.84089370e-01,6.50782175e-07
2.84224780e-01,5.56434529e-07
2.84360190e-01,4.16410268e-07
2.84495599e-01,2.81951533e-07
2.84631009e-01,1.84088372e-07
2.84766418e-01,1.31009121e-07
2.84901828e-01,1.24434463e-07
2.85037238e-01,1.69041832e-07
2.85172647e-01,2.60671567e-07
2.85308057e-01,3.67550762e-07
2.85443466e-01,4.33830775e-07
2.85578876e-01,4.17666337e-07
2.85714286e-01,3.39486715e-07
2.85849695e-01,2.94762849e-07
2.85985105e-01,4.04762382e-07
2.86120515e-01,7.28599595e-07
2.86255924e-01,1.19980723e-06
2.86391334e-01,1.64296069e-06
2.86526743e-01,1.87009935e-06
2.86662153e-01,1.79415152e-06
2.86797563e-01,1.47855279e-06
2.86932972e-01,1.08692877e-06
2.87068382e-01,7.71424625e-07
2.87203791e-01,5.83959708e-07
2.87339201e-01,4.73866349e-07
2.87474611e-01,3.64268205e-07
2.87610020e-01,2.36174159e-07
2.87745430e-01,1.46171964e-07
2.87880840e-01,1.63694272e-07
2.88016249e-01,2.86613560e-07
2.88151659e-01,4.16834114e-07
2.88287068e-01,4.28674488e-07
2.88422478e-01,2.81064189e-07
2.88557888e-01,7.89338419e-08
2.88693297e-01,2.15623769e-08
2.88828707e-01,2.64122917e-07
2.88964116e-01,7.92957562e-07
2.89099526e-01,1.41294805e-06
2.89234936e-01,1.86434687e-06
2.89370345e-01,1.98820149e-06
2.89505755e-01,1.82128421e-06
2.89641165e-01,1.55422362e-06
2.89776574e-01,1.38928856e-06
2.89911984e-01,1.40663429e-06
2.90047393e-01,1.53437263e-06
2.90182803e-01,1.63210491e-06
2.90318213e-01,1.61003583e-06
2.90453622e-01,1.48586728e-06
2.90589032e-01,1.34171006e-06
2.90724441e-01,1.23009543e-06
2.90859851e-01,1.11868756e-06
2.90995261e-01,9.25279649e-07
2.91130670e-01,6.12538652e-07
2.91266080e-01,2.56670693e-07
2.91401490e-01,2.30048394e-08
2.91536899e-01,5.86197242e-08
2.91672309e-01,3.82787690e-07
2.91807718e-01,8.61106638e-07
2.91943128e-01,1.28475349e-06
2.92078538e-01,1.49570595e-06
2.92213947e-01,1.46744613e-06
2.92349357e-01,1.29136643e-06
2.92484766e-01,1.09485626e-06
2.92620176e-01,9.64047627e-07
2.92755586e-01,9.26495416e-07
2.92890995e-01,9.87477722e-07
2.93026405e-01,1.16529588e-06
2.93161814e-01,1.47850752e-06
2.93297224e-01,1.89239574e-06
2.93432634e-01,2.28155403e-06
2.93568043e-01,2.46244921e-06
2.93703453e-01,2.29306330e-06
2.93838863e-01,1.77399248e-06
2.93974272e-01,1.07223041e-06
2.94109682e-01,4.40452960e-07
2.94245091e-01,8.15330348e-08
2.94380501e-01,4.85944894e-08
2.94515911e-01,2.42908061e-07
2.94651320e-01,4.98736390e-07
2.94786730e-01,6.85003417e-07
2.94922139e-01,7.53516345e-07
2.95057549e-01,7.17189330e-07
2.95192959e-01,6.00442985e-07
2.95328368e-01,4.18190153e-07
2.95463778e-01,2.01254964e-07
2.95599188e-01,3.27541420e-08
2.95734597e-01,4.18719393e-08
2.95870007e-01,3.36375615e-07
2.96005416e-01,9.13629772e-07
2.96140826e-01,1.62036558e-06
2.96276236e-01,2.20494132e-06
2.96411645e-01,2.44038968e-06
2.96547055e-01,2.24294488e-06
2.96682464e-01,1.71088208e-06
2.96817874e-01,1.06218577e-06
2.96953284e-01,5.15963625e-07
2.97088693e-01,1.93446693e-07
2.97224103e-01,9.14407889e-08
2.97359513e-01,1.26792328e-07
2.97494922e-01,2.07034521e-07
2.97630332e-01,2.78048990e-07
2.97765741e-01,3.29322642e-07
2.97901151e-01,3.72242957e-07
2.98036561e-01,4.19948889e-07
2.98171970e-01,4.84087949e-07
2.98307380e-01,5.81658658e-07
2.98442789e-01,7.35001112e-07
2.98578199e-01,9.56858977e-07
2.98713609e-01,1.22965670e-06
2.98849018e-01,1.49717910e-06
2.98984428e-01,1.67988224e-06
2.99119838e-01,1.70838315e-06
2.99255247e-01,1.55665685e-06
2.99390657e-01,1.25630915e-06
2.99526066e-01,8.84738842e-07
2.99661476e-01,5.34419368e-07
2.99796886e-01,2.79121711e-07
2.99932295e-01,1.52289803e-07
3.00067705e-01,1.45208197e-07
3.00203114e-01,2.22703187e-07
3.00338524e-01,3.46347415e-07
3.00473934e-01,4.92603112e-07
3.00609343e-01,6.57188837e-07
3.00744753e-01,8.45539821e-07
3.00880162e-01,1.05774871e-06
3.01015572e-01,1.27917152e-06
3.01150982e-01,1.48265703e-06
3.01286391e-01,1.63891630e-06
3.01421801e-01,1.72559959e-06
3.01557211e-01,1.72839798e-06
3.01692620e-01,1.63658367e-06
3.01828030e-01,1.44221711e-06
3.01963439e-01,1.14941628e-06
3.02098849e-01,7.89087913e-07
3.02234259e-01,4.25301856e-07
3.02369668e-01,1.41848213e-07
3.02505078e-01,1.15880808e-08
3.02640487e-01,6.58640482e-08
3.02775897e-01,2.83320580e-07
3.02911307e-01,6.04015508e-07
3.03046716e-01,9.56516944e-07
3.03182126e-01,1.27846477e-06
3.03317536e-01,1.52100671e-06
3.03452945e-01,1.64500308e-06
3.03588355e-01,1.62469462e-06
3.03723764e-01,1.46423223e-06
3.03859174e-01,1.21339748e-06
3.03994584e-01,9.60572753e-07
3.04129993e-01,7.94964267e-07
3.04265403e-01,7.57053319e-07
3.04400812e-01,8.12453156e-07
3.04536222e-01,8.72495641e-07
3.04671632e-01,8.51293436e-07
3.04807041e-01,7.20598158e-07
3.04942451e-01,5.25244113e-07
3.05077861e-01,3.53265376e-07
3.05213270e-01,2.89340495e-07
3.05348680e-01,3.87837647e-07
3.05484089e-01,6.76096443e-07
3.05619499e-01,1.16480219e-06
3.05754909e-01,1.83465189e-06
3.05890318e-01,2.59790133e-06
3.06025728e-01,3.27378324e-06
3.06161137e-01,3.62608134e-06
3.06296547e-01,3.47039402e-06
3.06431957e-01,2.79465108e-06
3.06567366e-01,1.80446536e-06
3.06702776e-01,8.41586464e-07
3.06838186e-01,2.10983496e-07
3.06973595e-01,2.46898129e-08
3.07109005e-01,1.67061890e-07
3.07244414e-01,4.02001375e-07
3.07379824e-01,5.39872638e-07
3.07515234e-01,5.41580471e-07
3.07650643e-01,4.93458651e-07
3.07786053e-01,4.94394224e-07
3.07921462e-01,5.66405714e-07
3.08056872e-01,6.71633677e-07
3.08192282e-01,8.14843544e-07
3.08327691e-01,1.12093991e-06
3.08463101e-01,1.78472339e-06
3.08598510e-01,2.89802143e-06
3.08733920e-01,4.28149899e-06
3.08869330e-01,5.47721515e-06
3.09004739e-01,5.95521497e-06
3.09140149e-01,5.42321334e-06
3.09275559e-01,4.03102389e-06
3.09410968e-01,2.31588393e-06
3.09546378e-01,9.10177197e-07
3.09681787e-01,2.00845666e-07
3.09817197e-01,1.62626041e-07
3.09952607e-01,4.59012566e-07
3.10088016e-01,7.13605866e-07
3.10223426e-01,7.45313681e-07
3.10358835e-01,6.12448569e-07
3.10494245e-01,4.74107527e-07
3.10629655e-01,4.17649494e-07
3.10765064e-01,4.08023915e-07
3.10900474e-01,3.90253235e-07
3.11035884e-01,4.30877930e-07
3.11171293e-01,7.43075111e-07
3.11306703e-01,1.53962598e-06
3.11442112e-01,2.81483297e-06
3.11577522e-01,4.23759082e-06
3.11712932e-01,5.26997780e-06
3.11848341e-01,5.45756690e-06
3.11983751e-01,4.70073248e-06
3.12119160e-01,3.31964451e-06
3.12254570e-01,1.86839922e-06
3.12389980e-01,8.26973943e-07
3.12525389e-01,3.73974198e-07
3.12660799e-01,3.69754139e-07
3.12796209e-01,5.23420431e-07
3.12931618e-01,6.00328024e-07
3.13067028e-01,5.28994757e-07
3.13202437e-01,3.68741431e-07
3.13337847e-01,2.08553060e-07
3.13473257e-01,9.83542954e-08
3.13608666e-01,5.61110490e-08
3.13744076e-01,1.12003451e-07
3.13879485e-01,3.20347599e-07
3.14014895e-01,7.12278449e-07
3.14150305e-01,1.23102824e-06
3.14285714e-01,1.71935795e-06
3.14421124e-01,1.98872968e-06
3.14556534e-01,1.92848384e-06
3.14691943e-01,1.57482334e-06
3.14827353e-01,1.08779499e-06
3.14962762e-01,6.54604462e-07
3.15098172e-01,3.89955694e-07
3.15233582e-01,2.97788378e-07
3.15368991e-01,3.05175434e-07
3.15504401e-01,3.27473650e-07
3.15639810e-01,3.14756064e-07
3.15775220e-01,2.61135157e-07
3.15910630e-01,1.93578299e-07
3.16046039e-01,1.62146289e-07
3.16181449e-01,2.31620194e-07
3.16316858e-01,4.57200204e-07
3.16452268e-01,8.39710800e-07
3.16587678e-01,1.28847216e-06
3.16723087e-01,1.63515752e-06
3.16858497e-01,1.71347522e-06
3.16993907e-01,1.46350235e-06
3.17129316e-01,9.85368706e-07
3.17264726e-01,4.92567316e-07
3.17400135e-01,1.87868592e-07
3.17535545e-01,1.46747162e-07
3.17670955e-01,2.90160460e-07
3.17806364e-01,4.59605466e-07
3.17941774e-01,5.29445887e-07
3.18077183e-01,4.70570102e-07
3.18212593e-01,3.31591742e-07
3.18348003e-01,1.79592119e-07
3.18483412e-01,7.09604605e-08
3.18618822e-01,7.79281833e-08
3.18754232e-01,3.22709881e-07
3.18889641e-01,9.45197758e-07
3.19025051e-01,1.98722042e-06
3.19160460e-01,3.27170098e-06
3.19295870e-01,4.39788372e-06
3.19431280e-01,4.90907933e-06
3.19566689e-01,4.55473138e-06
3.19702099e-01,3.47218627e-06
3.19837508e-01,2.14478751e-06
3.19972918e-01,1.14241848e-06
3.20108328e-01,8.08418808e-07
3.20243737e-01,1.09873424e-06
3.20379147e-01,1.66867931e-06
3.20514557e-01,2.12453805e-06
3.20649966e-01,2.24990965e-06
3.20785376e-01,2.06015818e-06
3.20920785e-01,1.68929128e-06
3.21056195e-01,1.24364570e-06
3.21191605e-01,7.60696335e-07
3.21327014e-01,2.94088537e-07
3.21462424e-01,1.56986849e-08
3.21597833e-01,1.99139472e-07
3.21733243e-01,1.05217075e-06
3.21868653e-01,2.51036926e-06
3.22004062e-01,4.16493293e-06
3.22139472e-01,5.41566377e-06
3.22274882e-01,5.77554230e-06
3.22410291e-01,5.13459269e-06
3.22545701e-01,3.81130323e-06
3.22681110e-01,2.36398799e-06
3.22816520e-01,1.29272873e-06
3.22951930e-01,8.20285398e-07
3.23087339e-01,8.65009506e-07
3.23222749e-01,1.17845336e-06
3.23358158e-01,1.52220077e-06
3.23493568e-01,1.76513498e-06
3.23628978e-01,1.87021182e-06
3.23764387e-01,1.82888928e-06
3.23899797e-01,1.62430557e-06
3.24035206e-01,1.25614802e-06
3.24170616e-01,7.92432558e-07
3.24306026e-01,3.85324019e-07
3.24441435e-01,2.18582212e-07
3.24576845e-01,4.12544699e-07
3.24712255e-01,9.49372466e-07
3.24847664e-01,1.66930722e-06
3.24983074e-01,2.34080803e-06
3.25118483e-01,2.76135008e-06
3.25253893e-01,2.83262441e-06
3.25389303e-01,2.57743349e-06
3.25524712e-01,2.10390818e-06
3.25660122e-01,1.54859427e-06
3.25795531e-01,1.03036267e-06
3.25930941e-01,6.28749153e-07
3.26066351e-01,3.80912485e-07
3.26201760e-01,2.84836393e-07
3.26337170e-01,3.03734393e-07
3.26472580e-01,3.77122304e-07
3.26607989e-01,4.45234499e-07
3.26743399e-01,4.81927046e-07
3.26878808e-01,5.16373886e-07
3.27014218e-01,6.21445780e-07
3.27149628e-01,8.65007613e-07
3.27285037e-01,1.25022246e-06
3.27420447e-01,1.68885515e-06
3.27555856e-01,2.03740007e-06
3.27691266e-01,2.18237210e-06
3.27826676e-01,2.11815684e-06
3.27962085e-01,1.95531404e-06
3.28097495e-01,1.84230711e-06
3.28232905e-01,1.85116104e-06
3.28368314e-01,1.91435720e-06
3.28503724e-01,1.86999781e-06
3.28639133e-01,1.59005488e-06
3.28774543e-01,1.09469734e-06
3.28909953e-01,5.56807142e-07
3.29045362e-01,1.83130739e-07
3.29180772e-01,6.15565395e-08
3.29316181e-01,1.01697759e-07
3.29451591e-01,1.28307576e-07
3.29587001e-01,6.02827844e-08
3.29722410e-01,2.46680132e-08
3.29857820e-01,2.91920019e-07
3.29993230e-01,1.05806728e-06
3.30128639e-01,2.23443445e-06
3.30264049e-01,3.42214873e-06
3.30399458e-01,4.12083566e-06
3.30534868e-01,4.04027966e-06
3.30670278e-01,3.29245084e-06
3.30805687e-01,2.31828048e-06
3.30941097e-01,1.59668605e-06
3.31076506e-01,1.34523587e-06
3.31211916e-01,1.42530152e-06
3.31347326e-01,1.50576746e-06
3.31482735e-01,1.34286838e-06
3.31618145e-01,9.54107757e-07
3.31753555e-01,5.61661109e-07
3.31888964e-01,3.72866906e-07
3.32024374e-01,3.94976049e-07
3.32159783e-01,4.44162142e-07
3.32295193e-01,3.38597034e-07
3.32430603e-01,1.04750431e-07
3.32566012e-01,8.89387511e-09
3.32701422e-01,3.67418114e-07
3.32836831e-01,1.27471548e-06
3.32972241e-01,2.46480560e-06
3.33107651e-01,3.42837391e-06
3.33243060e-01,3.71430971e-06
3.33378470e-01,3.20527504e-06
3.33513879e-01,2.17718198e-06
3.33649289e-01,1.11247765e-06
3.33784699e-01,4.10266633e-07
3.33920108e-01,1.92993719e-07
3.34055518e-01,3.17446774e-07
3.34190928e-01,5.40537952e-07
3.34326337e-01,6.92357431e-07
3.34461747e-01,7.36200778e-07
3.34597156e-01,7.08637380e-07
3.34732566e-01,6.30171768e-07
3.34867976e-01,4.81803333e-07
3.35003385e-01,2.62987494e-07
3.35138795e-01,6.05333354e-08
3.35274204e-01,4.27057106e-08
3.35409614e-01,3.59126865e-07
3.35545024e-01,1.01485021e-06
3.35680433e-01,1.81977591e-06
3.35815843e-01,2.46438196e-06
3.35951253e-01,2.68070697e-06
3.36086662e-01,2.38638449e-06
3.36222072e-01,1.72381276e-06
3.36357481e-01,9.79530388e-07
3.36492891e-01,4.42499775e-07
3.36628301e-01,2.83828809e-07
3.36763710e-01,5.09145415e-07
3.36899120e-01,9.83342604e-07
3.37034529e-01,1.49589158e-06
3.37169939e-01,1.83561811e-06
3.37305349e-01,1.85886174e-06
3.37440758e-01,1.54099423e-06
3.37576168e-01,9.94623593e-07
3.37711578e-01,4.35710531e-07
3.37846987e-01,9.73802372e-08
3.37982397e-01,1.24537441e-07
3.38117806e-01,5.03820022e-07
3.38253216e-01,1.07010710e-06
3.38388626e-01,1.58684627e-06
3.38524035e-01,1.85393196e-06
3.38659445e-01,1.78597175e-06
3.38794854e-01,1.43107327e-06
3.38930264e-01,9.40233749e-07
3.39065674e-01,5.16978405e-07
3.39201083e-01,3.65782297e-07
3.39336493e-01,6.36422255e-07
3.39471903e-01,1.35959094e-06
3.39607312e-01,2.39380972e-06
3.39742722e-01,3.42904450e-06
3.39878131e-01,4.08219641e-06
3.40013541e-01,4.06507367e-06
3.40148951e-01,3.34136715e-06
3.40284360e-01,2.17089922e-06
3.40419770e-01,9.95055715e-07
3.40555179e-01,2.17520909e-07
3.40690589e-01,8.34536533e-09
3.40825999e-01,2.48622438e-07
3.40961408e-01,6.40456380e-07
3.41096818e-01,8.98578628e-07
3.41232227e-01,8.95160919e-07
3.41367637e-01,6.78344720e-07
3.41503047e-01,3.84996097e-07
3.41638456e-01,1.38644053e-07
3.41773866e-01,1.21362852e-08
3.41909276e-01,5.89707977e-08
3.42044685e-01,3.48359896e-07
3.42180095e-01,9.38967361e-07
3.42315504e-01,1.79448002e-06
3.42450914e-01,2.71772829e-06
3.42586324e-01,3.38800975e-06
3.42721733e-01,3.51273032e-06
3.42857143e-01,3.00577847e-06
3.42992552e-01,2.06467440e-06
3.43127962e-01,1.07731955e-06
3.43263372e-01,4.08033231e-07
3.43398781e-01,2.01558704e-07
3.43534191e-01,3.33082690e-07
3.43669601e-01,5.28887134e-07
3.43805010e-01,5.64122522e-07
3.43940420e-01,3.99007728e-07
3.44075829e-01,1.71432085e-07
3.44211239e-01,7.31003319e-08
3.44346649e-01,2.12820038e-07
3.44482058e-01,5.61756398e-07
3.44617468e-01,9.99166539e-07
3.44752877e-01,1.40086669e-06
3.44888287e-01,1.69522869e-06
3.45023697e-01,1.85697533e-06
3.45159106e-01,1.86967999e-06
3.45294516e-01,1.70962366e-06
3.45429926e-01,1.37236708e-06
3.45565335e-01,9.13297798e-07
3.45700745e-01,4.53055200e-07
3.45836154e-01,1.27151764e-07
3.45971564e-01,1.01471824e-08
3.46106974e-01,7.22561014e-08
3.46242383e-01,2.05033448e-07
3.46377793e-01,3.00193692e-07
3.46513202e-01,3.25064019e-07
3.46648612e-01,3.41781159e-07
3.46784022e-01,4.59986927e-07
3.46919431e-01,7.59142177e-07
3.47054841e-01,1.23229698e-06
3.47190251e-01,1.78179812e-06
3.47325660e-01,2.26113916e-06
3.47461070e-01,2.53417935e-06
3.47596479e-01,2.52387909e-06
3.47731889e-01,2.23689900e-06
3.47867299e-01,1.76148860e-06
3.48002708e-01,1.23921220e-06
3.48138118e-01,8.14369035e-07
3.48273527e-01,5.75874531e-07
3.48408937e-01,5.18996546e-07
3.48544347e-01,5.53061712e-07
3.48679756e-01,5.57904287e-07
3.48815166e-01,4.58835304e-07
3.48950575e-01,2.73338420e-07
3.49085985e-01,9.95865697e-08
3.49221395e-01,5.70446300e-08
3.49356804e-01,2.21506448e-07
3.49492214e-01,5.94745193e-07
3.49627624e-01,1.11601625e-06
3.49763033e-01,1.68986874e-06
3.49898443e-01,2.20233385e-06
3.50033852e-01,2.52582645e-06
3.50169262e-01,2.54023300e-06
3.50304672e-01,2.18993461e-06
3.50440081e-01,1.55344822e-06
3.50575491e-01,8.63453205e-07
3.50710900e-01,4.26338304e-07
3.50846310e-01,4.59275938e-07
3.50981720e-01,9.40998043e-07
3.51117129e-01,1.59068028e-06
3.51252539e-01,2.01673530e-06
3.51387949e-01,1.95663790e-06
3.51523358e-01,1.45077855e-06
3.51658768e-01,8.25804538e-07
3.51794177e-01,4.91634074e-07
3.51929587e-01,6.88716210e-07
3.52064997e-01,1.35665613e-06
3.52200406e-01,2.20342940e-06
3.52335816e-01,2.90638017e-06
3.52471225e-01,3.28759454e-06
3.52606635e-01,3.34480132e-06
3.52742045e-01,3.14915330e-06
3.52877454e-01,2.73241125e-06
3.53012864e-01,2.08393400e-06
3.53148274e-01,1.26447035e-06
3.53283683e-01,5.17705182e-07
3.53419093e-01,2.36054871e-07
3.53554502e-01,7.46715322e-07
3.53689912e-01,2.04528771e-06
3.53825322e-01,3.68351019e-06
3.53960731e-01,4.93728097e-06
3.54096141e-01,5.18858152e-06
3.54231550e-01,4.29046646e-06
3.54366960e-01,2.67569203e-06
3.54502370e-01,1.13050418e-06
3.54637779e-01,3.73431488e-07
3.54773189e-01,6.99316981e-07
3.54908599e-01,1.88996670e-06
3.55044008e-01,3.40550308e-06
3.55179418e-01,4.69470005e-06
3.55314827e-01,5.41948464e-06
3.55450237e-01,5.49220155e-06
3.55585647e-01,4.97885470e-06
3.55721056e-01,4.00393571e-06
3.55856466e-01,2.74816662e-06
3.55991875e-01,1.51098915e-06
3.56127285e-01,7.24151686e-07
3.56262695e-01,8.27157591e-07
3.56398104e-01,2.03242054e-06
3.56533514e-01,4.12271248e-06
3.56668923e-01,6.44013287e-06
3.56804333e-01,8.12215269e-06
3.56939743e-01,8.48437365e-06
3.57075152e-01,7.34843635e-06
3.57210562e-01,5.13585402e-06
3.57345972e-01,2.67839836e-06
3.57481381e-01,8.49160925e-07
3.57616791e-01,2.03493597e-07
3.57752200e-01,7.94269908e-07
3.57887610e-01,2.21964069e-06
3.58023020e-01,3.84355768e-06
3.58158429e-01,5.06336597e-06
3.58293839e-01,5.50719932e-06
3.58429248e-01,5.10499913e-06
3.58564658e-01,4.04669043e-06
3.58700068e-01,2.68187195e-06
3.58835477e-01,1.41476243e-06
3.58970887e-01,6.19070479e-07
3.59106297e-01,5.67120055e-07
3.59241706e-01,1.35986409e-06
3.59377116e-01,2.86439866e-06
3.59512525e-01,4.69579554e-06
3.59647935e-01,6.28981747e-06
3.59783345e-01,7.08112327e-06
3.59918754e-01,6.73611158e-06
3.60054164e-01,5.33097130e-06
3.60189573e-01,3.36257346e-06
3.60324983e-01,1.55289821e-06
3.60460393e-01,5.24460615e-07
3.60595802e-01,5.12430650e-07
3.60731212e-01,1.27379602e-06
3.60866622e-01,2.24613628e-06
3.61002031e-01,2.86134768e-06
3.61137441e-01,2.82871743e-06
3.61272850e-01,2.22938840e-06
3.61408260e-01,1.39206592e-06
3.61543670e-01,6.59077304e-07
3.61679079e-01,2.06944533e-07
3.61814489e-01,2.33895658e-08
3.61949898e-01,1.65317832e-08
3.62085308e-01,1.39294588e-07
3.62220718e-01,4.19789132e-07
3.62356127e-01,8.82932130e-07
3.62491537e-01,1.44885593e-06
3.62626947e-01,1.91717477e-06
3.62762356e-01,2.07425465e-06
3.62897766e-01,1.85241004e-06
3.63033175e-01,1.41435950e-06
3.63168585e-01,1.08109397e-06
3.63303995e-01,1.13519440e-06
3.63439404e-01,1.62852660e-06
3.63574814e-01,2.32886873e-06
3.63710223e-01,2.84825706e-06
3.63845633e-01,2.87260752e-06
3.63981043e-01,2.34499203e-06
3.64116452e-01,1.48918854e-06
3.64251862e-01,6.67958910e-07
3.64387271e-01,1.75073284e-07
3.64522681e-01,9.21627092e-08
3.64658091e-01,2.86397600e-07
3.64793500e-01,5.28130536e-07
3.64928910e-01,6.37170920e-07
3.65064320e-01,5.64879041e-07
3.65199729e-01,3.77965215e-07
3.65335139e-01,1.80765643e-07
3.65470548e-01,4.59255857e-08
3.65605958e-01,1.37341373e-09
3.65741368e-01,6.75018418e-08
3.65876777e-01,2.95943811e-07
3.66012187e-01,7.61641650e-07
3.66147596e-01,1.50088231e-06
3.66283006e-01,2.43740845e-06
3.66418416e-01,3.35844437e-06
3.66553825e-01,3.97599066e-06
3.66689235e-01,4.05275290e-06
3.66824645e-01,3.52494322e-06
3.66960054e-01,2.54908394e-06
3.67095464e-01,1.44163661e-06
3.67230873e-01,5.42065795e-07
3.67366283e-01,7.21711109e-08
3.67501693e-01,6.18093422e-08
3.67637102e-01,3.68701156e-07
3.67772512e-01,7.67660059e-07
3.67907921e-01,1.05479165e-06
3.68043331e-01,1.11800406e-06
3.68178741e-01,9.54820400e-07
3.68314150e-01,6.48135890e-07
3.68449560e-01,3.23236670e-07
3.68584970e-01,1.04950519e-07
3.68720379e-01,8.37200403e-08
3.68855789e-01,2.93850687e-07
3.68991198e-01,7.06763209e-07
3.69126608e-01,1.24094126e-06
3.69262018e-01,1.78506298e-06
3.69397427e-01,2.22533908e-06
3.69532837e-01,2.46854139e-06
3.69668246e-01,2.45893453e-06
3.69803656e-01,2.19269822e-06
3.69939066e-01,1.72976997e-06
3.70074475e-01,1.19262688e-06
3.70209885e-01,7.37097647e-07
3.70345295e-01,4.93199645e-07
3.70480704e-01,4.99988772e-07
3.70616114e-01,6.76319781e-07
3.70751523e-01,8.57780650e-07
3.70886933e-01,8.88748622e-07
3.71022343e-01,7.15136447e-07
3.71157752e-01,4.14342821e-07
3.71293162e-01,1.38318478e-07
3.71428571e-01,8.64374701e-09
3.71563981e-01,4.05889693e-08
3.71699391e-01,1.52885557e-07
3.71834800e-01,2.53110092e-07
3.71970210e-01,3.26924787e-07
3.72105619e-01,4.54247284e-07
3.72241029e-01,7.34362976e-07
3.72376439e-01,1.17934344e-06
3.72511848e-01,1.66704207e-06
3.72647258e-01,2.00191637e-06
3.72782668e-01,2.04562330e-06
3.72918077e-01,1.81895646e-06
3.73053487e-01,1.49321517e-06
3.73188896e-01,1.27228397e-06
3.73324306e-01,1.25163086e-06
3.73459716e-01,1.35921494e-06
3.73595125e-01,1.42040355e-06
3.73730535e-01,1.29408337e-06
3.73865944e-01,9.75259906e-07
3.74001354e-01,5.90166383e-07
3.74136764e-01,2.96369158e-07
3.74272173e-01,1.72156064e-07
3.74407583e-01,1.80608206e-07
3.74542993e-01,2.27185722e-07
3.74678402e-01,2.52735592e-07
3.74813812e-01,2.79661519e-07
3.74949221e-01,3.74709963e-07
3.75084631e-01,5.66326672e-07
3.75220041e-01,7.94404751e-07
3.75355450e-01,9.42629001e-07
3.75490860e-01,9.32392865e-07
3.75626269e-01,8.02142340e-07
3.75761679e-01,7.02691437e-07
3.75897089e-01,8.02755831e-07
3.76032498e-01,1.16905879e-06
3.76167908e-01,1.70706375e-06
3.76303318e-01,2.20562423e-06
3.76438727e-01,2.45530385e-06
3.76574137e-01,2.36116504e-06
3.76709546e-01,1.98026127e-06
3.76844956e-01,1.47046003e-06
3.76980366e-01,9.96073329e-07
3.77115775e-01,6.55315427e-07
3.77251185e-01,4.66490181e-07
3.77386594e-01,4.01498578e-07
3.77522004e-01,4.25347651e-07
3.77657414e-01,5.08411343e-07
3.77792823e-01,6.11943207e-07
3.77928233e-01,6.75602180e-07
3.78063643e-01,6.34583871e-07
3.78199052e-01,4.65084906e-07
3.78334462e-01,2.25153970e-07
3.78469871e-01,5.11593895e-08
3.78605281e-01,9.66154472e-08
3.78740691e-01,4.42348988e-07
3.78876100e-01,1.03374729e-06
3.79011510e-01,1.69025152e-06
3.79146919e-01,2.18856303e-06
3.79282329e-01,2.37274990e-06
3.79417739e-01,2.22520463e-06
3.79553148e-01,1.85697362e-06
3.79688558e-01,1.42874728e-06
3.79823968e-01,1.05847518e-06
3.79959377e-01,7.76457504e-07
3.80094787e-01,5.50453287e-07
3.80230196e-01,3.50082057e-07
3.80365606e-01,1.92020651e-07
3.80501016e-01,1.26929669e-07
3.80636425e-01,1.80889096e-07
3.80771835e-01,3.06609830e-07
3.80907244e-01,3.96248536e-07
3.81042654e-01,3.57504807e-07
3.81178064e-01,1.96612498e-07
3.81313473e-01,3.54512733e-08
3.81448883e-01,3.48766696e-08
3.81584292e-01,2.72088349e-07
3.81719702e-01,6.66009682e-07
3.81855112e-01,1.01836631e-06
3.81990521e-01,1.15221000e-06
3.82125931e-01,1.04815212e-06
3.82261341e-01,8.69280141e-07
3.82396750e-01,8.43954806e-07
3.82532160e-01,1.08654423e-06
3.82667569e-01,1.49269527e-06
3.82802979e-01,1.79760380e-06
3.82938389e-01,1.76337357e-06
3.83073798e-01,1.35791362e-06
3.83209208e-01,7.87176246e-07
3.83344617e-01,3.51300737e-07
3.83480027e-01,2.31750845e-07
3.83615437e-01,3.72600666e-07
3.83750846e-01,5.46630901e-07
3.83886256e-01,5.50323780e-07
3.84021666e-01,3.68122552e-07
3.84157075e-01,1.71622300e-07
3.84292485e-01,1.56394728e-07
3.84427894e-01,3.57246229e-07
3.84563304e-01,6.05813334e-07
3.84698714e-01,6.77961717e-07
3.84834123e-01,5.14351724e-07
3.84969533e-01,3.22793628e-07
3.85104942e-01,4.54926735e-07
3.85240352e-01,1.13217593e-06
3.85375762e-01,2.23057450e-06
3.85511171e-01,3.30584388e-06
3.85646581e-01,3.86240492e-06
3.85781991e-01,3.67903715e-06
3.85917400e-01,2.95246071e-06
3.86052810e-01,2.15304067e-06
3.86188219e-01,1.70221488e-06
3.86323629e-01,1.71051559e-06
3.86459039e-01,1.95826466e-06
3.86594448e-01,2.10763271e-06
3.86729858e-01,1.96201216e-06
3.86865267e-01,1.57229608e-06
3.87000677e-01,1.13362423e-06
3.87136087e-01,7.93064502e-07
3.87271496e-01,5.49470965e-07
3.87406906e-01,3.26390576e-07
3.87542316e-01,1.31890541e-07
3.87677725e-01,1.35429765e-07
3.87813135e-01,5.65846957e-07
3.87948544e-01,1.50100449e-06
3.88083954e-01,2.73065283e-06
3.88219364e-01,3.82853315e-06
3.88354773e-01,4.40184413e-06
3.88490183e-01,4.33740238e-06
3.88625592e-01,3.86041014e-06
3.88761002e-01,3.36719256e-06
3.88896412e-01,3.16523445e-06
3.89031821e-01,3.31136683e-06
3.89167231e-01,3.64226386e-06
3.89302640e-01,3.93226503e-06
3.89438050e-01,4.03020787e-06
3.89573460e-01,3.88144435e-06
3.89708869e-01,3.46862302e-06
3.89844279e-01,2.77890633e-06
3.89979689e-01,1.85726065e-06
3.90115098e-01,8.88886320e-07
3.90250508e-01,1.91675407e-07
3.90385917e-01,6.54293000e-08
3.90521327e-01,5.86569743e-07
3.90656737e-01,1.51982923e-06
3.90792146e-01,2.44898260e-06
3.90927556e-01,3.05088639e-06
3.91062965e-01,3.30314980e-06
3.91198375e-01,3.45364653e-06
3.91333785e-01,3.77193845e-06
3.91469194e-01,4.28993761e-06
3.91604604e-01,4.75554032e-06
3.91740014e-01,4.84435384e-06
3.91875423e-01,4.44918590e-06
3.92010833e-01,3.79182011e-06
3.92146242e-01,3.24972548e-06
3.92281652e-01,3.03942505e-06
3.92417062e-01,3.03136290e-06
3.92552471e-01,2.86544923e-06
3.92687881e-01,2.27674848e-06
3.92823290e-01,1.35161344e-06
3.92958700e-01,4.86536914e-07
3.93094110e-01,7.74420483e-08
3.93229519e-01,2.06729748e-07
3.93364929e-01,6.05270651e-07
3.93500339e-01,9.29147314e-07
3.93635748e-01,1.10766277e-06
3.93771158e-01,1.44058849e-06
3.93906567e-01,2.32904763e-06
3.94041977e-01,3.84812561e-06
3.94177387e-01,5.53147485e-06
3.94312796e-01,6.58818281e-06
3.94448206e-01,6.42257501e-06
3.94583615e-01,5.06659774e-06
3.94719025e-01,3.18433416e-06
3.94854435e-01,1.63579550e-06
3.94989844e-01,9.27663064e-07
3.95125254e-01,9.56095437e-07
3.95260664e-01,1.20328661e-06
3.95396073e-01,1.19138060e-06
3.95531483e-01,8.18369441e-07
3.95666892e-01,3.35820599e-07
3.95802302e-01,4.68150086e-08
3.95937712e-01,2.68692378e-08
3.96073121e-01,1.16892894e-07
3.96208531e-01,1.67608483e-07
3.96343940e-01,2.76418951e-07
3.96479350e-01,7.62741438e-07
3.96614760e-01,1.87022386e-06
3.96750169e-01,3.44753971e-06
3.96885579e-01,4.90768313e-06
3.97020988e-01,5.54884326e-06
3.97156398e-01,5.01784415e-06
3.97291808e-01,3.56498823e-06
3.97427217e-01,1.89067591e-06
3.97562627e-01,6.96421145e-07
3.97698037e-01,2.72276465e-07
3.97833446e-01,4.06998369e-07
3.97968856e-01,6.45017367e-07
3.98104265e-01,6.55082791e-07
3.98239675e-01,4.23299192e-07
3.98375085e-01,1.60509783e-07
3.98510494e-01,5.58616586e-08
3.98645904e-01,1.11728294e-07
3.98781313e-01,1.89428494e-07
3.98916723e-01,1.91131647e-07
3.99052133e-01,1.85772119e-07
3.99187542e-01,3.51948680e-07
3.99322952e-01,7.89409750e-07
3.99458362e-01,1.37761921e-06
3.99593771e-01,1.82251082e-06
3.99729181e-01,1.86676759e-06
3.99864590e-01,1.49243276e-06
4.00000000e-01,9.45448193e-07
