BJD-2450000,Ha,eHa,nothing1,Ca,nothing2,eCa,nothing3,NaD,eNaD,FWHM,eFWHM,Ins
2743.3873,0.4754,0.0019,,,,,,,,,,UVES
2763.3957,0.4959,0.0012,,,,,,,,,,UVES
2804.1585,0.4814,0.0018,,,,,,,,,,UVES
2839.0807,0.5003,0.0016,,,,,,,,,,UVES
3082.3893,0.4763,0.0016,,,,,,,,,,UVES
3088.3837,0.5068,0.0017,,,,,,,,,,UVES
3099.3621,0.4815,0.0019,,,,,,,,,,UVES
3125.3776,0.4727,0.0013,,,,,,,,,,UVES
3165.2780,0.4894,0.0013,,,,,,,,,,UVES
3191.1412,0.4725,0.0016,,,,,,,,,,UVES
3237.8911,0.4796,0.0009,,3.326,,0.017,,,,,,HIRES
3277.0367,0.5024,0.0014,,,,,,,,,,UVES
3301.7420,0.4807,0.0010,,5.189,,0.020,,,,,,HIRES
3430.3658,0.4929,0.0020,,,,,,,,,,UVES
3445.3931,0.4749,0.0017,,,,,,,,,,UVES
3446.3234,0.4864,0.0016,,,,,,,,,,UVES
3483.3611,0.4890,0.0020,,,,,,,,,,UVES
3505.3574,0.4976,0.0021,,,,,,,,,,UVES
3520.1724,0.5008,0.0018,,,,,,,,,,UVES
3533.1918,0.5012,0.0019,,,,,,,,,,UVES
3549.2308,0.4847,0.0012,,,,,,,,,,UVES
3550.9135,0.4847,0.0009,,2.872,,0.015,,,,,,HIRES
3602.8522,0.4932,0.0006,,3.705,,0.018,,,,,,HIRES
3621.9939,0.4870,0.0012,,,,,,,,,,UVES
3658.0121,0.4994,0.0012,,,,,,,,,,UVES
3807.1247,0.4824,0.0011,,3.360,,0.016,,,,,,HIRES
3926.9585,0.4952,0.0011,,2.758,,0.017,,,,,,HIRES
3933.8507,0.4919,0.0008,,2.850,,0.019,,,,,,HIRES
3934.8190,0.4933,0.0006,,2.824,,0.017,,,,,,HIRES
3960.8986,0.4983,0.0006,,4.152,,0.017,,,,,,HIRES
3961.8594,0.4913,0.0011,,3.848,,0.018,,,,,,HIRES
3962.8078,0.4894,0.0007,,3.706,,0.018,,,,,,HIRES
3963.8329,0.4901,0.0008,,3.399,,0.019,,,,,,HIRES
4194.8939,0.4881,0.0012,,3.761,,0.036,,0.175,0.010,4.515707,0.000073,HARPS-Pre2015
4196.8834,0.4875,0.0012,,3.729,,0.045,,0.174,0.010,4.512791,0.000061,HARPS-Pre2015
4197.8948,0.4858,0.0012,,3.531,,0.040,,0.172,0.010,4.514933,0.000071,HARPS-Pre2015
4198.8903,0.5008,0.0013,,4.313,,0.049,,0.187,0.010,4.521056,0.000067,HARPS-Pre2015
4199.9182,0.4847,0.0013,,3.667,,0.025,,0.173,0.010,4.516508,0.000069,HARPS-Pre2015
4200.9206,0.4867,0.0015,,3.606,,0.037,,0.171,0.010,4.516545,0.000065,HARPS-Pre2015
4202.9187,0.4842,0.0014,,3.890,,0.043,,0.178,0.010,4.511280,0.000069,HARPS-Pre2015
4227.8438,0.4866,0.0011,,3.777,,0.046,,0.178,0.010,4.514492,0.000070,HARPS-Pre2015
4247.0349,0.4919,0.0005,,2.956,,0.015,,,,,,HIRES
4248.1264,0.4986,0.0008,,2.843,,0.016,,,,,,HIRES
4249.9703,0.4928,0.0007,,2.950,,0.014,,,,,,HIRES
4251.0123,0.4958,0.0007,,2.908,,0.013,,,,,,HIRES
4251.9740,0.4923,0.0007,,2.944,,0.019,,,,,,HIRES
4256.0052,0.4972,0.0009,,3.080,,0.016,,,,,,HIRES
4278.9711,0.4861,0.0006,,3.699,,0.019,,,,,,HIRES
4285.9753,0.4766,0.0007,,3.453,,0.025,,,,,,HIRES
4291.5969,,,,,,,,,,4.528036,0.000075,HARPS-Pre2015
4298.7145,0.4815,0.0014,,4.024,,0.073,,0.189,0.010,4.523029,0.000077,HARPS-Pre2015
4304.9606,0.4830,0.0009,,4.399,,0.015,,,,,,HIRES
4305.9623,0.4920,0.0006,,4.849,,0.021,,,,,,HIRES
4306.9387,0.4751,0.0011,,3.971,,0.021,,,,,,HIRES
4307.9890,0.4757,0.0011,,3.901,,0.017,,,,,,HIRES
4308.9579,0.4804,0.0011,,4.306,,0.015,,,,,,HIRES
4309.9541,0.4798,0.0012,,4.330,,0.017,,,,,,HIRES
4310.9466,0.4789,0.0013,,4.154,,0.014,,,,,,HIRES
4311.9446,0.4761,0.0013,,4.282,,0.013,,,,,,HIRES
4312.9402,0.4759,0.0014,,4.157,,0.016,,,,,,HIRES
4313.9372,0.4811,0.0010,,4.275,,0.017,,,,,,HIRES
4314.9779,0.4794,0.0007,,4.263,,0.013,,,,,,HIRES
4315.6613,0.4794,0.0012,,4.800,,0.083,,0.199,0.010,4.530477,0.000074,HARPS-Pre2015
4316.6473,0.4779,0.0012,,4.656,,0.053,,0.192,0.010,4.528041,0.000059,HARPS-Pre2015
4318.8487,0.4846,0.0016,,4.172,,0.017,,,,,,HIRES
4319.6380,0.4766,0.0011,,4.709,,0.048,,0.199,0.010,4.523941,0.000073,HARPS-Pre2015
4320.6502,0.4779,0.0012,,4.547,,0.038,,0.189,0.010,4.523142,0.000065,HARPS-Pre2015
4335.8537,0.4766,0.0009,,3.756,,0.015,,,,,,HIRES
4336.8871,0.4854,0.0009,,4.307,,0.013,,,,,,HIRES
4337.8345,0.4819,0.0015,,3.671,,0.017,,,,,,HIRES
4338.8803,0.4833,0.0010,,3.842,,0.016,,,,,,HIRES
4340.6506,0.4738,0.0012,,3.902,,0.039,,0.183,0.010,4.516287,0.000068,HARPS-Pre2015
4343.5572,0.4810,0.0013,,4.043,,0.029,,0.182,0.010,4.512912,0.000071,HARPS-Pre2015
4343.8130,0.4779,0.0012,,3.499,,0.014,,,,,,HIRES
4344.9370,0.4804,0.0009,,3.568,,0.041,,,,,,HIRES
4347.5581,0.4802,0.0011,,3.949,,0.039,,0.182,0.010,4.516018,0.000070,HARPS-Pre2015
4385.5239,0.4869,0.0013,,3.595,,0.090,,0.175,0.010,4.525409,0.000066,HARPS-Pre2015
4389.5016,0.4898,0.0013,,3.857,,0.119,,0.176,0.010,4.514442,0.000067,HARPS-Pre2015
4396.7093,0.4928,0.0008,,3.069,,0.022,,,,,,HIRES
4397.7109,0.5137,0.0006,,4.084,,0.020,,,,,,HIRES
4399.7349,0.4949,0.0008,,3.009,,0.018,,,,,,HIRES
4523.8813,,,,3.851,,0.048,,0.176,0.010,4.515625,0.000070,HARPS-Pre2015
4551.9090,0.4872,0.0011,,4.012,,0.042,,0.179,0.010,4.516584,0.000063,HARPS-Pre2015
4588.9210,0.4828,0.0013,,3.707,,0.060,,0.172,0.010,4.517619,0.000072,HARPS-Pre2015
4633.9000,0.4760,0.0008,,3.751,,0.016,,,,,,HIRES
4717.7522,0.4808,0.0011,,3.872,,0.016,,,,,,HIRES
4718.7546,0.4955,0.0006,,4.791,,0.017,,,,,,HIRES
4719.7718,0.4827,0.0010,,3.738,,0.017,,,,,,HIRES
4723.7585,0.4851,0.0008,,3.888,,0.018,,,,,,HIRES
4724.7641,0.4741,0.0009,,3.719,,0.015,,,,,,HIRES
4930.0562,0.4903,0.0009,,3.216,,0.016,,,,,,HIRES
4948.8097,0.5020,0.0016,,3.348,,0.034,,0.164,0.010,4.506428,0.000059,HARPS-Pre2015
4951.8260,0.5108,0.0013,,4.104,,0.050,,0.177,0.010,4.513311,0.000065,HARPS-Pre2015
4956.8429,0.5060,0.0013,,3.583,,0.051,,0.170,0.010,4.509104,0.000062,HARPS-Pre2015
5054.6525,0.5066,0.0011,,5.599,,0.062,,0.205,0.009,4.517561,0.000063,HARPS-Pre2015
5283.8800,,,,,,,,0.224,0.010,4.529010,0.000066,HARPS-Pre2015
5305.8791,,,,,,,,,,4.526521,0.000061,HARPS-Pre2015
5388.5871,0.4802,0.0012,,4.190,,0.068,,0.194,0.010,4.519604,0.000065,HARPS-Pre2015
5396.5981,0.4812,0.0011,,4.833,,0.137,,0.207,0.010,4.526556,0.000071,HARPS-Pre2015
5403.6473,0.4831,0.0009,,4.721,,0.092,,0.207,0.010,4.521518,0.000066,HARPS-Pre2015
5457.5419,0.4751,0.0011,,5.444,,0.054,,0.216,0.010,4.526129,0.000065,HARPS-Pre2015
5463.7897,0.4894,0.0013,,5.272,,0.015,,,,,,HIRES
5485.4905,0.4980,0.0011,,6.008,,0.079,,0.217,0.010,4.517299,0.000059,HARPS-Pre2015
5607.1394,0.5086,0.0012,,6.572,,0.015,,,,,,HIRES
5608.1255,0.4866,0.0010,,5.688,,0.016,,,,,,HIRES
5609.1658,0.4906,0.0009,,6.452,,0.017,,,,,,HIRES
5614.1595,0.4732,0.0011,,5.163,,0.017,,,,,,HIRES
5634.0923,0.4851,0.0009,,5.142,,0.021,,,,,,HIRES
5634.8924,0.4772,0.0011,,5.368,,0.069,,0.203,0.010,4.524279,0.000063,HARPS-Pre2015
5635.1146,0.4733,0.0011,,5.182,,0.016,,,,,,HIRES
5636.1504,0.5013,0.0012,,5.890,,0.015,,,,,,HIRES
5637.1206,0.4858,0.0012,,5.307,,0.014,,,,,,HIRES
5638.0751,0.4774,0.0011,,4.902,,0.015,,,,,,HIRES
5645.9034,0.4801,0.0011,,4.905,,0.059,,0.200,0.010,4.518722,0.000064,HARPS-Pre2015
5660.8341,0.4878,0.0013,,4.922,,0.050,,0.199,0.010,4.524090,0.000062,HARPS-Pre2015
5665.0244,0.4741,0.0012,,4.047,,0.013,,,,,,HIRES
5668.0309,0.4765,0.0011,,4.341,,0.015,,,,,,HIRES
5670.0517,0.4954,0.0008,,5.329,,0.014,,,,,,HIRES
5671.0697,0.4803,0.0007,,4.737,,0.016,,,,,,HIRES
5671.9960,0.4783,0.0008,,4.721,,0.017,,,,,,HIRES
5672.8447,0.4834,0.0014,,4.814,,0.045,,0.192,0.010,4.521762,0.000066,HARPS-Pre2015
5672.9779,0.4779,0.0011,,4.596,,0.018,,,,,,HIRES
5673.9668,0.5048,0.0010,,5.797,,0.015,,,,,,HIRES
5682.7317,0.4884,0.0010,,4.504,,0.072,,0.190,0.010,4.518630,0.000061,HARPS-Pre2015
5683.7401,0.4881,0.0012,,4.611,,0.062,,0.194,0.010,4.522782,0.000068,HARPS-Pre2015
5684.7422,0.4918,0.0010,,4.815,,0.048,,0.203,0.010,4.520426,0.000066,HARPS-Pre2015
5685.7273,0.4872,0.0011,,4.289,,0.054,,0.184,0.010,4.523841,0.000066,HARPS-Pre2015
5686.9383,,,,5.505,,0.073,,0.217,0.010,4.528096,0.000076,HARPS-Pre2015
5689.7556,,,,,,,,0.203,0.009,4.513555,0.000068,HARPS-Pre2015
5690.8129,0.5013,0.0011,,4.722,,0.065,,0.197,0.010,4.519167,0.000062,HARPS-Pre2015
5691.8383,0.4891,0.0011,,4.410,,0.080,,0.190,0.010,4.517149,0.000065,HARPS-Pre2015
5692.7334,0.4993,0.0011,,5.012,,0.066,,0.197,0.010,4.523041,0.000070,HARPS-Pre2015
5693.7671,0.4940,0.0012,,4.562,,0.047,,0.195,0.010,4.522002,0.000065,HARPS-Pre2015
5697.1278,0.4908,0.0012,,4.537,,0.017,,,,,,HIRES
5697.8855,0.4924,0.0008,,4.642,,0.018,,,,,,HIRES
5699.8826,0.5027,0.0011,,5.478,,0.022,,,,,,HIRES
5704.8693,0.4939,0.0009,,5.123,,0.019,,,,,,HIRES
5705.8631,0.4962,0.0007,,4.932,,0.021,,,,,,HIRES
5706.8538,,,,5.529,,0.016,,,,,,HIRES
5707.8637,0.4931,0.0011,,4.881,,0.017,,,,,,HIRES
5720.0248,0.4926,0.0010,,5.288,,0.016,,,,,,HIRES
5723.0229,0.4897,0.0011,,5.500,,0.025,,,,,,HIRES
5723.8703,0.4855,0.0008,,5.284,,0.014,,,,,,HIRES
5726.9442,0.4733,0.0008,,4.820,,0.015,,,,,,HIRES
5733.8343,0.4794,0.0007,,5.175,,0.017,,,,,,HIRES
5734.8825,0.4861,0.0009,,4.812,,0.017,,,,,,HIRES
5735.8499,0.4815,0.0012,,4.715,,0.015,,,,,,HIRES
5749.9787,0.4950,0.0007,,5.514,,0.021,,,,,,HIRES
5751.7709,0.4661,0.0008,,4.085,,0.014,,,,,,HIRES
5753.7394,0.4744,0.0011,,4.224,,0.090,,0.200,0.009,4.520775,0.000066,HARPS-Pre2015
5754.6603,0.4748,0.0012,,4.682,,0.085,,0.200,0.010,4.521392,0.000056,HARPS-Pre2015
5759.7704,0.4752,0.0008,,4.717,,0.020,,,,,,HIRES
5760.7605,0.4684,0.0011,,3.982,,0.016,,,,,,HIRES
5761.7916,0.4766,0.0010,,4.646,,0.015,,,,,,HIRES
5762.8327,0.4741,0.0011,,4.248,,0.014,,,,,,HIRES
5763.7775,0.4730,0.0012,,3.944,,0.016,,,,,,HIRES
5768.7548,0.4718,0.0010,,3.585,,0.019,,,,,,HIRES
5769.5398,0.4725,0.0011,,4.452,,0.062,,0.196,0.010,4.518223,0.000071,HARPS-Pre2015
5769.7649,0.4739,0.0011,,4.282,,0.014,,,,,,HIRES
5770.7719,0.4700,0.0009,,3.847,,0.017,,,,,,HIRES
5776.5135,0.4744,0.0013,,4.348,,0.079,,0.188,0.010,4.527746,0.000067,HARPS-Pre2015
5777.5778,0.4747,0.0013,,3.988,,0.076,,0.189,0.009,4.519921,0.000068,HARPS-Pre2015
5778.6227,0.4833,0.0013,,3.792,,0.155,,0.193,0.009,4.519930,0.000063,HARPS-Pre2015
5779.6881,0.4729,0.0012,,3.967,,0.070,,0.192,0.010,4.520118,0.000061,HARPS-Pre2015
5781.7598,0.4694,0.0009,,3.929,,0.018,,,,,,HIRES
5782.6399,0.4697,0.0011,,,,,,0.198,0.010,4.524605,0.000078,HARPS-Pre2015
5787.8874,0.4672,0.0009,,3.933,,0.015,,,,,,HIRES
5788.9175,0.4694,0.0009,,3.892,,0.015,,,,,,HIRES
5789.7809,0.4749,0.0008,,4.121,,0.017,,,,,,HIRES
5790.8482,0.4708,0.0010,,3.759,,0.020,,,,,,HIRES
5791.5966,0.4732,0.0012,,,,,,0.177,0.010,,,PFS
5791.9022,0.4704,0.0007,,4.150,,0.019,,,,,,HIRES
5792.8542,0.4724,0.0010,,3.910,,0.020,,,,,,HIRES
5793.5580,0.4762,0.0011,,,,,,0.193,0.009,,,PFS
5793.7298,0.4732,0.0007,,4.416,,0.016,,,,,,HIRES
5794.6080,0.4762,0.0013,,,,,,0.201,0.010,,,PFS
5794.7855,0.4699,0.0017,,4.125,,0.020,,,,,,HIRES
5795.8883,0.4753,0.0017,,4.165,,0.016,,,,,,HIRES
5796.5752,0.4763,0.0012,,,,,,0.191,0.009,,,PFS
5796.7559,,,,4.271,,0.015,,,,,,HIRES
5796.7592,0.4762,0.0008,,,,,,,,,,HIRES
5797.7454,0.4755,0.0009,,3.841,,0.021,,,,,,HIRES
5798.8456,0.5018,0.0005,,5.888,,0.017,,,,,,HIRES
5801.6071,0.4755,0.0012,,,,,,0.200,0.009,,,PFS
5802.5237,0.4802,0.0011,,4.204,,0.103,,0.198,0.010,4.524116,0.000061,HARPS-Pre2015
5802.5778,0.4773,0.0010,,,,,,0.189,0.009,,,PFS
5803.5555,0.4793,0.0012,,3.781,,0.127,,0.192,0.010,4.532221,0.000066,HARPS-Pre2015
5803.5592,0.4826,0.0013,,,,,,0.215,0.009,,,PFS
5804.5062,0.4815,0.0013,,4.353,,0.118,,0.199,0.010,4.524149,0.000064,HARPS-Pre2015
5804.5956,0.4776,0.0011,,,,,,0.185,0.009,,,PFS
5805.5019,0.4842,0.0011,,4.519,,0.080,,0.197,0.010,4.521617,0.000055,HARPS-Pre2015
5806.8062,0.4805,0.0009,,4.353,,0.016,,,,,,HIRES
5807.5111,0.4760,0.0011,,4.250,,0.072,,0.194,0.010,4.522256,0.000063,HARPS-Pre2015
5808.8141,0.4871,0.0007,,4.567,,0.016,,,,,,HIRES
5809.5944,0.4810,0.0012,,4.477,,0.065,,0.200,0.010,4.523730,0.000063,HARPS-Pre2015
5809.8823,0.4934,0.0010,,5.085,,0.019,,,,,,HIRES
5810.5467,0.4943,0.0010,,4.652,,0.057,,0.206,0.010,4.524166,0.000063,HARPS-Pre2015
5810.8891,0.4922,0.0007,,4.719,,0.017,,,,,,HIRES
5811.8329,0.4804,0.0007,,4.990,,0.016,,,,,,HIRES
5824.7576,0.4854,0.0009,,3.966,,0.019,,,,,,HIRES
5835.4988,0.4966,0.0013,,4.150,,0.087,,0.189,0.010,4.520434,0.000061,HARPS-Pre2015
5836.4813,,,,,,,,0.220,0.010,4.518138,0.000064,HARPS-Pre2015
5837.4788,0.4917,0.0011,,4.170,,0.045,,0.191,0.010,4.516117,0.000064,HARPS-Pre2015
5839.4826,0.4888,0.0013,,4.121,,0.071,,0.189,0.010,4.518603,0.000062,HARPS-Pre2015
5839.7470,0.4957,0.0007,,4.160,,0.015,,,,,,HIRES
5840.4846,0.4883,0.0013,,3.749,,0.072,,0.184,0.010,4.507320,0.000063,HARPS-Pre2015
5841.4943,0.4926,0.0012,,3.961,,0.075,,0.184,0.010,4.518898,0.000061,HARPS-Pre2015
5841.7723,0.4835,0.0006,,3.825,,0.016,,,,,,HIRES
5842.4848,,,,,,,,0.224,0.010,4.519295,0.000060,HARPS-Pre2015
5843.7070,0.5128,0.0007,,5.272,,0.014,,,,,,HIRES
5844.4782,0.4903,0.0011,,3.621,,0.086,,0.194,0.010,4.522760,0.000074,HARPS-Pre2015
5844.5109,0.4924,0.0011,,,,,,0.202,0.009,,,PFS
5845.4942,0.4926,0.0012,,4.215,,0.067,,0.187,0.010,,,HARPS-Pre2015
5845.5198,0.4908,0.0011,,,,,,0.195,0.009,,,PFS
5846.5351,0.4877,0.0012,,,,,,0.191,0.009,,,PFS
5847.5206,0.4923,0.0010,,,,,,0.221,0.008,,,PFS
5850.5207,0.4883,0.0010,,,,,,0.175,0.009,,,PFS
5850.7130,0.4891,0.0006,,3.693,,0.021,,,,,,HIRES
5851.5195,0.4878,0.0011,,,,,,0.188,0.009,,,PFS
5852.5197,0.4948,0.0009,,,,,,0.190,0.009,,,PFS
5992.1568,0.4873,0.0008,,3.103,,0.015,,,,,,HIRES
5992.8807,0.4920,0.0012,,4.270,,0.091,,0.164,0.009,,,HARPS-Pre2015
5994.8851,,,,,,,,,,4.515396,0.000065,HARPS-Pre2015
5995.1140,0.4861,0.0008,,3.724,,0.016,,,,,,HIRES
6000.0918,0.4961,0.0010,,4.660,,0.014,,,,,,HIRES
6019.0055,0.4868,0.0007,,3.686,,0.027,,,,,,HIRES
6020.0085,0.4987,0.0008,,3.747,,0.020,,,,,,HIRES
6064.7831,0.4762,0.0010,,4.585,,0.075,,0.201,0.010,4.523037,0.000071,HARPS-Pre2015
6073.8626,0.4675,0.0006,,4.413,,0.019,,,,,,HIRES
6078.7611,0.4814,0.0012,,5.494,,0.055,,0.201,0.010,4.521650,0.000067,HARPS-Pre2015
6079.6978,0.4979,0.0012,,5.656,,0.073,,0.233,0.010,4.522839,0.000061,HARPS-Pre2015
6080.7608,0.4700,0.0012,,4.367,,0.050,,0.194,0.010,4.519273,0.000066,HARPS-Pre2015
6081.7693,0.4701,0.0011,,4.369,,0.059,,0.198,0.010,4.519934,0.000061,HARPS-Pre2015
6082.7318,0.4677,0.0011,,3.722,,0.169,,0.211,0.010,4.531854,0.000071,HARPS-Pre2015
6083.7031,0.4792,0.0011,,5.421,,0.087,,,,4.521479,0.000063,HARPS-Pre2015
6085.7583,0.4714,0.0011,,4.295,,0.087,,0.197,0.010,4.526934,0.000066,HARPS-Pre2015
6087.7637,0.4728,0.0012,,4.140,,0.071,,0.194,0.010,4.518638,0.000067,HARPS-Pre2015
6088.8052,0.4714,0.0009,,4.248,,0.082,,0.199,0.010,4.522643,0.000066,HARPS-Pre2015
6089.6825,0.4704,0.0010,,4.360,,0.078,,0.197,0.010,4.521856,0.000070,HARPS-Pre2015
6094.7775,0.4748,0.0011,,4.443,,0.088,,0.202,0.010,4.517346,0.000070,HARPS-Pre2015
6102.5868,0.4727,0.0011,,4.558,,0.070,,0.200,0.010,4.521879,0.000069,HARPS-Pre2015
6114.7636,0.4785,0.0011,,,,,,,,,,HIRES
6114.7657,,,,4.060,,0.108,,,,,,HIRES
6117.5485,0.4840,0.0012,,4.958,,0.065,,0.205,0.010,4.517363,0.000059,HARPS-Pre2015
6148.6090,0.4868,0.0013,,,,,,0.184,0.009,,,PFS
6150.5615,0.4835,0.0012,,,,,,0.184,0.009,,,PFS
6166.7365,0.4693,0.0007,,4.320,,0.016,,,,,,HIRES
6195.7367,0.4757,0.0012,,4.283,,0.016,,,,,,HIRES
6357.9033,0.4767,0.0013,,3.867,,0.076,,0.190,0.010,4.516424,0.000058,HARPS-Pre2015
6360.8940,0.4777,0.0012,,4.347,,0.081,,0.181,0.010,4.514413,0.000066,HARPS-Pre2015
6361.8948,0.4808,0.0013,,4.672,,0.087,,0.191,0.010,4.515905,0.000066,HARPS-Pre2015
6363.9060,0.4852,0.0010,,4.369,,0.093,,0.194,0.010,4.524338,0.000076,HARPS-Pre2015
6364.8936,0.4749,0.0010,,3.862,,0.070,,0.184,0.010,4.516577,0.000061,HARPS-Pre2015
6365.8875,0.4783,0.0010,,3.672,,0.091,,0.188,0.010,4.515208,0.000067,HARPS-Pre2015
6367.9044,0.4792,0.0010,,4.087,,0.066,,0.179,0.010,4.512441,0.000067,HARPS-Pre2015
6368.8925,0.4762,0.0010,,3.836,,0.050,,0.176,0.010,4.516783,0.000063,HARPS-Pre2015
6369.9088,0.4805,0.0011,,4.458,,0.054,,0.179,0.010,4.512166,0.000064,HARPS-Pre2015
6371.9133,0.4768,0.0012,,3.629,,0.119,,0.183,0.010,4.520614,0.000071,HARPS-Pre2015
6372.9042,0.4759,0.0011,,3.643,,0.079,,0.175,0.010,4.514091,0.000062,HARPS-Pre2015
6373.8978,0.4777,0.0012,,4.046,,0.076,,0.180,0.010,4.516944,0.000070,HARPS-Pre2015
6417.9365,0.4776,0.0013,,3.555,,0.117,,0.200,0.010,4.515947,0.000061,HARPS-Pre2015
6418.9070,0.4764,0.0013,,4.245,,0.078,,0.191,0.010,4.518086,0.000065,HARPS-Pre2015
6419.7993,0.4768,0.0013,,3.667,,0.166,,0.196,0.010,4.517472,0.000068,HARPS-Pre2015
6420.8074,0.4825,0.0012,,3.966,,0.092,,0.192,0.010,4.516252,0.000064,HARPS-Pre2015
6421.9256,0.4875,0.0013,,3.773,,0.210,,0.202,0.010,,,HARPS-Pre2015
6421.9289,,,,,,,,,,4.514371,0.000068,HARPS-Pre2015
6422.9276,0.5121,0.0009,,5.781,,0.125,,0.218,0.010,4.517183,0.000060,HARPS-Pre2015
6423.8353,0.5010,0.0011,,4.412,,0.117,,0.215,0.010,4.516222,0.000067,HARPS-Pre2015
6424.6607,0.4777,0.0012,,3.100,,0.216,,0.194,0.010,4.517865,0.000077,HARPS-Pre2015
6426.8316,0.4821,0.0012,,3.401,,0.117,,0.186,0.010,4.515427,0.000064,HARPS-Pre2015
6427.9038,0.4837,0.0011,,3.831,,0.304,,0.193,0.009,,,HARPS-Pre2015
6428.9144,0.4910,0.0011,,3.377,,0.176,,0.191,0.010,4.513267,0.000070,HARPS-Pre2015
6433.8176,0.4936,0.0015,,,,,,0.190,0.010,,,PFS
6435.7403,0.4869,0.0014,,,,,,0.173,0.009,,,PFS
6473.7859,0.4775,0.0008,,3.753,,0.019,,,,,,HIRES
6500.7123,,,,4.103,,0.084,,,,,,APF
6501.6616,0.4820,0.0012,,,,,,0.192,0.009,,,PFS
6504.7448,0.4749,0.0021,,4.342,,0.082,,0.187,0.015,,,APF
6505.7883,0.4833,0.0018,,3.981,,0.057,,0.192,0.015,,,APF
6506.7599,0.4827,0.0014,,4.042,,0.017,,,,,,HIRES
6507.6548,0.4795,0.0012,,,,,,0.186,0.009,,,PFS
6515.7371,0.4796,0.0019,,3.578,,0.056,,0.171,0.015,,,APF
6516.7643,0.5015,0.0022,,4.367,,0.060,,0.199,0.015,,,APF
6517.7028,0.4829,0.0021,,4.706,,0.058,,0.175,0.015,,,APF
6518.7086,0.4827,0.0017,,3.899,,0.076,,0.186,0.015,,,APF
6534.7142,0.4839,0.0017,,3.967,,0.054,,0.168,0.015,,,APF
6535.6913,0.4766,0.0019,,3.902,,0.066,,0.170,0.015,,,APF
6536.7295,0.4779,0.0020,,4.413,,0.099,,0.252,0.016,,,APF
6539.6663,0.4677,0.0019,,4.084,,0.061,,0.169,0.016,,,APF
6540.6856,0.4882,0.0020,,4.152,,0.055,,0.171,0.015,,,APF
6541.6684,,,,,,,,0.198,0.016,,,APF
6541.7432,,,,4.783,,0.065,,,,,,APF
6541.8180,0.4917,0.0027,,,,,,,,,,APF
6542.6815,0.4808,0.0019,,3.945,,0.055,,0.173,0.015,,,APF
6548.6927,0.4729,0.0019,,3.757,,0.066,,0.183,0.015,,,APF
6555.4947,,,,,,,,0.228,0.009,,,PFS
6562.7266,0.4783,0.0022,,4.617,,0.075,,0.233,0.015,,,APF
6563.6277,0.4856,0.0018,,4.583,,0.089,,0.218,0.015,,,APF
6570.6229,0.4768,0.0018,,4.497,,0.063,,0.213,0.015,,,APF
6573.6704,0.4686,0.0018,,4.361,,0.070,,0.213,0.016,,,APF
6574.6913,,,,,,,,0.241,0.015,,,APF
6574.6990,0.4806,0.0017,,4.481,,0.076,,,,,,APF
6577.6377,0.4807,0.0020,,4.430,,0.051,,0.203,0.015,,,APF
6581.6373,0.4734,0.0019,,4.517,,0.072,,0.209,0.015,,,APF
6583.6092,0.4729,0.0018,,,,,,,,,,APF
6583.6178,,,,5.222,,0.068,,0.251,0.015,,,APF
6590.6260,0.4813,0.0019,,4.439,,0.072,,0.214,0.015,,,APF
6591.6087,0.4853,0.0019,,4.424,,0.074,,0.201,0.014,,,APF
6709.1207,0.4845,0.0009,,4.405,,0.016,,,,,,HIRES
6733.9033,0.4721,0.0013,,,,,,0.191,0.010,,,PFS
6734.9018,0.4681,0.0012,,,,,,0.185,0.010,,,PFS
6816.7873,0.4921,0.0013,,,,,,0.196,0.009,,,PFS
6819.8030,0.4854,0.0010,,,,,,0.178,0.009,,,PFS
6841.5153,0.4726,0.0013,,4.318,,0.055,,0.192,0.009,4.520580,0.000061,HARPSN
6842.5914,0.4770,0.0014,,,,,,0.193,0.009,4.520480,0.000064,HARPSN
6843.5495,0.4964,0.0015,,5.115,,0.086,,0.200,0.009,4.516135,0.000061,HARPSN
6871.5447,0.4886,0.0014,,,,,,0.208,0.009,,,PFS
6883.5885,0.4816,0.0017,,,,,,,,,,PFS
6908.7308,0.4989,0.0008,,3.358,,0.015,,,,,,HIRES
6934.6683,0.4984,0.0021,,4.298,,0.077,,0.231,0.015,,,APF
6936.6623,0.4957,0.0019,,3.897,,0.077,,0.202,0.015,,,APF
6940.6289,,,,,,,,0.202,0.015,,,APF
6940.6336,0.4880,0.0022,,,,,,,,,,APF
6940.6383,,,,3.915,,0.080,,,,,,APF
6950.6188,,,,4.024,,0.096,,,,,,APF
6950.6206,0.4927,0.0028,,,,,,,,,,APF
6950.6317,,,,,,,,0.234,0.015,,,APF
7056.0845,0.5081,0.0021,,4.317,,0.089,,,,,,APF
7114.9209,0.4880,0.0020,,4.328,,0.076,,0.249,0.016,,,APF
7119.8314,0.4758,0.0011,,,,,,,,,,PFS
7122.9442,0.4758,0.0022,,3.632,,0.062,,0.179,0.016,,,APF
7134.9988,0.4927,0.0036,,4.110,,0.077,,0.224,0.016,,,APF
7141.8588,0.4878,0.0018,,4.397,,0.083,,0.256,0.016,,,APF
7144.8485,0.4905,0.0026,,4.090,,0.059,,0.184,0.015,,,APF
7159.8298,0.4806,0.0019,,4.009,,0.079,,,,,,APF
7159.8368,,,,,,,,0.213,0.014,,,APF
7180.8809,0.4892,0.0018,,4.498,,0.065,,0.221,0.016,,,APF
7194.9406,0.4886,0.0015,,4.782,,0.062,,0.228,0.016,,,APF
7205.7519,,,,,,,,0.243,0.009,,,PFS
7214.7732,0.4751,0.0027,,4.069,,0.050,,0.188,0.016,,,APF
7223.7923,0.4772,0.0020,,3.838,,0.055,,0.173,0.015,,,APF
7228.9020,0.4752,0.0018,,4.024,,0.073,,0.203,0.014,,,APF
7237.9108,0.4826,0.0019,,4.189,,0.079,,0.200,0.015,,,APF
7261.5601,0.4829,0.0013,,,,,,,,,,PFS
7263.6782,0.4886,0.0019,,4.317,,0.060,,0.226,0.015,,,APF
7294.7531,0.4998,0.0022,,4.120,,0.101,,,,,,APF
7422.7458,0.4773,0.0019,,,,,,0.183,0.014,4.519109,0.000030,CARMENES
7427.7428,0.4777,0.0018,,,,,,0.180,0.014,4.516913,0.000039,CARMENES
7440.7072,0.4772,0.0015,,,,,,0.193,0.014,4.516417,0.000033,CARMENES
7451.6982,0.4800,0.0015,,3.794,,0.070,,0.198,0.010,4.522756,0.000065,HARPSN
7452.7277,0.4764,0.0015,,3.778,,0.065,,0.195,0.010,,,HARPSN
7452.7521,,,,,,,,,,4.515991,0.000064,HARPSN
7453.7226,0.4855,0.0015,,4.185,,0.078,,,,4.521837,0.000073,HARPSN
7453.7431,,,,,,,,0.216,0.010,,,HARPSN
7454.7311,0.4907,0.0014,,4.374,,0.065,,0.205,0.010,4.513379,0.000070,HARPSN
7455.7089,0.4818,0.0014,,,,,,0.197,0.010,4.514630,0.000070,HARPSN
7455.7092,,,,3.408,,0.086,,,,,,HARPSN
7472.7304,0.4763,0.0014,,,,,,0.206,0.014,4.520731,0.000033,CARMENES
7476.9029,,,,,,,,0.182,0.010,,,PFS
7478.0074,0.4800,0.0019,,3.794,,0.069,,0.186,0.016,,,APF
7490.6789,0.4865,0.0019,,,,,,0.154,0.015,4.506070,0.000028,CARMENES
7494.6991,0.4814,0.0017,,,,,,0.173,0.015,4.516261,0.000032,CARMENES
7503.6847,0.4780,0.0018,,,,,,0.184,0.014,4.521486,0.000038,CARMENES
7507.9022,0.4744,0.0014,,,,,,,,,,PFS
7509.5904,0.4744,0.0021,,,,,,0.160,0.014,4.512773,0.000030,CARMENES
7510.6905,0.4692,0.0020,,,,,,0.191,0.014,4.511830,0.000027,CARMENES
7532.5770,0.4690,0.0022,,,,,,0.209,0.015,4.517104,0.000035,CARMENES
7536.5353,0.4671,0.0019,,,,,,0.226,0.017,4.517687,0.000044,CARMENES
7536.7557,0.4791,0.0016,,,,,,0.248,0.010,,,PFS
7537.6669,0.4681,0.0018,,,,,,0.198,0.015,4.515610,0.000030,CARMENES
7539.5639,0.4693,0.0021,,,,,,0.188,0.014,4.510908,0.000036,CARMENES
7544.6654,0.4743,0.0021,,,,,,0.212,0.015,4.521863,0.000032,CARMENES
7555.5073,0.4758,0.0021,,,,,,0.196,0.015,4.507237,0.000022,CARMENES
7557.7700,0.4811,0.0013,,,,,,,,,,PFS
7572.5008,0.4951,0.0023,,,,,,0.191,0.014,4.505051,0.000031,CARMENES
7591.4238,0.4769,0.0017,,,,,,0.202,0.014,4.529636,0.000029,CARMENES
7596.3983,0.4680,0.0025,,,,,,0.154,0.015,4.501697,0.000043,CARMENES
7615.6200,0.4755,0.0012,,,,,,,,,,PFS
7618.4811,0.4782,0.0017,,,,,,0.181,0.017,4.525200,0.000037,CARMENES
7622.3906,0.4845,0.0021,,,,,,0.192,0.017,4.515660,0.000036,CARMENES
7623.4007,0.4819,0.0020,,,,,,0.221,0.021,,,CARMENES
7625.3569,0.4815,0.0018,,,,,,0.185,0.016,4.522173,0.000026,CARMENES
7626.3696,0.5001,0.0022,,,,,,0.205,0.017,4.524601,0.000034,CARMENES
7626.4171,0.4921,0.0013,,4.495,,0.046,,0.203,0.010,4.517738,0.000065,HARPSN
7627.3636,0.4806,0.0013,,,,,,0.214,0.016,4.516919,0.000031,CARMENES
7627.4115,0.4824,0.0013,,3.722,,0.034,,0.194,0.010,4.516976,0.000069,HARPSN
7628.3469,0.4704,0.0021,,,,,,0.206,0.017,4.511224,0.000034,CARMENES
7628.4271,0.4758,0.0015,,4.324,,0.049,,0.209,0.010,4.518227,0.000072,HARPSN
7629.3655,0.4840,0.0014,,4.236,,0.045,,,,,,HARPSN
7629.3677,0.4789,0.0020,,,,,,0.193,0.018,4.521278,0.000032,CARMENES
7629.4249,,,,,,,,0.212,0.010,4.514762,0.000063,HARPSN
7630.3564,0.4757,0.0014,,,,,,0.197,0.016,4.518900,0.000027,CARMENES
7630.4127,0.4781,0.0014,,4.197,,0.047,,0.207,0.010,4.516195,0.000064,HARPSN
7631.3680,0.4792,0.0022,,,,,,0.183,0.016,4.517672,0.000022,CARMENES
7632.3251,0.4821,0.0022,,,,,,0.179,0.017,4.525210,0.000032,CARMENES
7632.4121,0.4756,0.0013,,3.828,,0.031,,0.193,0.010,4.516639,0.000064,HARPSN
7633.3316,0.4777,0.0021,,,,,,0.190,0.018,4.519027,0.000038,CARMENES
7634.4215,0.4755,0.0022,,,,,,0.181,0.017,4.516322,0.000030,CARMENES
7635.3786,0.4755,0.0019,,,,,,0.210,0.018,4.522200,0.000031,CARMENES
7636.4289,0.4787,0.0023,,,,,,0.184,0.019,4.525604,0.000019,CARMENES
7637.4050,0.4862,0.0013,,4.537,,0.034,,0.205,0.010,4.516022,0.000062,HARPSN
7638.4058,0.4789,0.0012,,4.273,,0.036,,0.202,0.010,4.519351,0.000065,HARPSN
7641.3910,0.4676,0.0013,,4.171,,0.030,,0.206,0.010,4.519993,0.000067,HARPSN
7642.3948,0.4959,0.0014,,5.252,,0.035,,,,4.520396,0.000066,HARPSN
7642.4345,,,,,,,,0.223,0.010,,,HARPSN
7643.3039,0.4790,0.0020,,,,,,0.205,0.015,4.512530,0.000042,CARMENES
7643.3873,0.4627,0.0013,,3.789,,0.032,,0.201,0.010,4.518686,0.000067,HARPSN
7644.2944,0.4763,0.0021,,,,,,0.203,0.016,4.515585,0.000030,CARMENES
7645.3886,0.4645,0.0015,,3.811,,0.047,,0.205,0.010,4.519830,0.000065,HARPSN
7646.3102,0.4603,0.0013,,,,,,,,4.507672,0.000029,CARMENES
7646.3843,0.4628,0.0012,,4.363,,0.031,,0.210,0.010,4.520397,0.000063,HARPSN
7647.3103,0.4614,0.0021,,,,,,0.215,0.030,,,CARMENES
7650.3320,0.4649,0.0014,,,,,,0.181,0.015,4.520454,0.000049,CARMENES
7652.3573,0.4642,0.0020,,,,,,0.224,0.018,4.508259,0.000030,CARMENES
7655.3798,0.4697,0.0050,,,,,,,,,,CARMENES
7656.3228,0.4676,0.0025,,,,,,0.201,0.017,,,CARMENES
7657.3170,,,,,,,,,,4.502848,0.000043,CARMENES
7657.3385,0.4607,0.0043,,,,,,0.153,0.027,,,CARMENES
7658.3393,0.4712,0.0030,,,,,,0.195,0.017,4.516733,0.000034,CARMENES
7659.2893,0.4692,0.0020,,,,,,0.194,0.016,4.514735,0.000056,CARMENES
7665.2734,0.4656,0.0017,,,,,,0.220,0.016,4.515283,0.000046,CARMENES
7678.2931,0.4634,0.0019,,,,,,0.218,0.021,,,CARMENES
7679.2698,0.4733,0.0018,,,,,,0.196,0.017,,,CARMENES
7684.3078,0.4740,0.0016,,,,,,0.202,0.027,4.510761,0.000041,CARMENES
7685.3089,0.4689,0.0020,,,,,,0.214,0.021,4.519132,0.000033,CARMENES
7689.2531,0.4810,0.0012,,,,,,0.217,0.016,4.510848,0.000025,CARMENES
7690.3006,0.4689,0.0014,,,,,,0.228,0.018,4.517168,0.000035,CARMENES
7691.2598,0.4717,0.0020,,,,,,,,4.513516,0.000030,CARMENES
7692.2685,0.4756,0.0019,,,,,,,,4.518658,0.000022,CARMENES
7693.2975,0.4697,0.0017,,,,,,0.209,0.014,4.506222,0.000062,CARMENES
7694.2885,0.4644,0.0022,,,,,,0.203,0.016,4.530024,0.000045,CARMENES
7698.2888,0.4662,0.0026,,,,,,,,4.519041,0.000023,CARMENES
7704.2542,0.4778,0.0013,,,,,,,,4.518840,0.000038,CARMENES
7705.2525,0.4814,0.0015,,,,,,0.213,0.015,4.513811,0.000045,CARMENES
7706.2503,0.4752,0.0020,,,,,,0.164,0.015,4.524988,0.000032,CARMENES
7711.2388,0.4733,0.0016,,,,,,,,4.541542,0.000027,CARMENES
7712.2535,0.4676,0.0019,,,,,,0.212,0.015,4.515385,0.000027,CARMENES
7779.7650,0.4990,0.0015,,,,,,0.227,0.015,4.518970,0.000038,CARMENES
7788.7409,0.4730,0.0015,,,,,,0.209,0.015,4.536784,0.000040,CARMENES
7793.7353,0.4720,0.0013,,,,,,,,4.499597,0.000046,CARMENES
7794.7374,0.4997,0.0034,,,,,,0.234,0.035,4.519832,0.000027,CARMENES
7798.7174,0.4962,0.0018,,,,,,0.219,0.016,4.518634,0.000035,CARMENES
7799.7020,0.4730,0.0017,,,,,,0.205,0.016,4.525380,0.000032,CARMENES
7800.7046,0.4889,0.0014,,,,,,,,4.515542,0.000028,CARMENES
7801.7484,0.4680,0.0020,,,,,,0.202,0.015,4.526087,0.000029,CARMENES
7806.6891,0.4860,0.0023,,,,,,0.181,0.017,4.517052,0.000031,CARMENES
7814.7388,0.4763,0.0018,,,,,,0.214,0.014,4.500223,0.000027,CARMENES
7815.7184,0.4749,0.0018,,,,,,0.206,0.015,4.523341,0.000032,CARMENES
7817.6584,0.4835,0.0029,,,,,,0.185,0.019,4.523426,0.000031,CARMENES
7818.6674,0.4781,0.0020,,,,,,0.208,0.015,4.525463,0.000041,CARMENES
7819.6501,0.4853,0.0015,,,,,,0.214,0.015,4.536131,0.000031,CARMENES
7822.7393,0.4893,0.0015,,,,,,0.236,0.014,4.520231,0.000032,CARMENES
7824.6807,0.4854,0.0012,,,,,,0.199,0.015,4.522606,0.000037,CARMENES
7828.6380,0.4759,0.0020,,,,,,0.231,0.016,4.522228,0.000037,CARMENES
7829.6541,0.4844,0.0031,,,,,,0.193,0.017,4.516664,0.000035,CARMENES
7830.6935,0.4780,0.0016,,,,,,0.181,0.015,4.519208,0.000033,CARMENES
7833.7333,0.4731,0.0015,,,,,,0.205,0.014,4.526738,0.000033,CARMENES
7834.6788,0.4772,0.0019,,,,,,0.193,0.014,4.524576,0.000033,CARMENES
7851.6644,0.4810,0.0015,,,,,,0.191,0.015,4.524512,0.000031,CARMENES
7852.6919,0.4914,0.0012,,,,,,0.203,0.015,4.524079,0.000025,CARMENES
7854.6931,0.4859,0.0018,,,,,,0.243,0.015,4.518648,0.000030,CARMENES
7855.6252,0.4906,0.0020,,,,,,0.208,0.015,4.527318,0.000023,CARMENES
7856.6982,,,,,,,,0.240,0.014,4.513187,0.000037,CARMENES
7857.6674,0.4846,0.0017,,,,,,0.214,0.014,4.518193,0.000036,CARMENES
7858.6355,0.4942,0.0022,,,,,,0.221,0.014,4.520639,0.000027,CARMENES
7859.6334,0.4966,0.0024,,,,,,0.214,0.015,4.525055,0.000038,CARMENES
7861.7032,0.4978,0.0018,,,,,,0.218,0.015,,,CARMENES
7862.6963,0.4805,0.0022,,,,,,0.209,0.014,4.526431,0.000032,CARMENES
7863.6055,0.4950,0.0021,,,,,,0.219,0.017,4.515981,0.000030,CARMENES
7864.6810,0.4762,0.0024,,,,,,0.206,0.014,4.524892,0.000027,CARMENES
7866.6036,0.4769,0.0020,,,,,,0.217,0.015,4.520256,0.000028,CARMENES
7875.6233,0.4812,0.0019,,,,,,0.211,0.014,4.526622,0.000031,CARMENES
7876.5501,0.4727,0.0020,,,,,,0.206,0.014,4.521353,0.000040,CARMENES
7877.5577,0.4715,0.0017,,,,,,0.222,0.014,4.528038,0.000034,CARMENES
7878.6382,0.4639,0.0025,,,,,,0.196,0.016,4.521525,0.000028,CARMENES
7879.5710,0.4751,0.0020,,,,,,0.230,0.018,4.519261,0.000033,CARMENES
7880.6625,0.4719,0.0016,,,,,,0.249,0.014,4.519544,0.000021,CARMENES
7882.5574,0.4667,0.0019,,,,,,0.215,0.015,4.531557,0.000031,CARMENES
7883.6093,0.4713,0.0025,,,,,,0.236,0.017,4.524145,0.000029,CARMENES
7886.5259,0.4672,0.0023,,,,,,0.209,0.015,4.530803,0.000031,CARMENES
7887.5564,0.4682,0.0028,,,,,,0.252,0.014,4.526731,0.000031,CARMENES
7888.6578,0.4674,0.0024,,,,,,0.217,0.015,4.520124,0.000029,CARMENES
7889.5984,0.4762,0.0023,,,,,,0.226,0.014,4.524461,0.000033,CARMENES
7890.6632,0.4656,0.0027,,,,,,0.209,0.014,4.528221,0.000039,CARMENES
7891.6606,0.4719,0.0018,,,,,,0.208,0.014,4.531215,0.000026,CARMENES
7892.6135,0.4707,0.0018,,,,,,0.209,0.014,4.526772,0.000034,CARMENES
7893.5928,0.4666,0.0021,,,,,,,,4.519875,0.000030,CARMENES
7894.5354,0.4677,0.0019,,,,,,0.214,0.015,4.518418,0.000027,CARMENES
7896.5983,0.4734,0.0018,,,,,,0.213,0.015,4.521649,0.000037,CARMENES
7898.5864,0.4634,0.0016,,,,,,0.203,0.014,4.520543,0.000034,CARMENES
7901.5942,0.4703,0.0025,,,,,,0.214,0.015,4.525237,0.000032,CARMENES
7905.5092,0.4695,0.0018,,,,,,0.220,0.014,4.506873,0.000031,CARMENES
7907.5525,0.4734,0.0019,,,,,,0.223,0.014,4.529032,0.000036,CARMENES
7909.6303,0.4614,0.0014,,,,,,0.263,0.015,4.528508,0.000029,CARMENES
7910.5850,0.4675,0.0018,,,,,,0.243,0.014,4.522989,0.000033,CARMENES
7911.6607,0.4731,0.0016,,,,,,0.264,0.014,4.523880,0.000039,CARMENES
7912.6696,0.4945,0.0014,,,,,,,,4.528402,0.000031,CARMENES
7914.5290,0.4718,0.0019,,,,,,0.219,0.014,4.523029,0.000026,CARMENES
7915.5629,0.4706,0.0020,,,,,,0.249,0.014,4.530445,0.000031,CARMENES
7916.5284,0.4656,0.0021,,,,,,0.207,0.014,4.526649,0.000031,CARMENES
7917.5570,0.4692,0.0021,,,,,,0.232,0.015,4.520847,0.000032,CARMENES
7918.6423,0.4933,0.0014,,,,,,0.246,0.014,4.509221,0.000027,CARMENES
7919.6404,0.4724,0.0020,,,,,,0.206,0.014,4.524409,0.000030,CARMENES
7920.4007,0.4671,0.0032,,,,,,0.235,0.019,4.525726,0.000022,CARMENES
7921.5454,0.4629,0.0018,,,,,,0.224,0.014,4.525481,0.000034,CARMENES
7922.4782,0.4687,0.0017,,,,,,0.251,0.015,4.519807,0.000039,CARMENES
7924.4777,0.4714,0.0014,,,,,,0.233,0.015,4.520213,0.000027,CARMENES
7928.6474,0.4632,0.0020,,,,,,0.207,0.015,,,CARMENES
7931.5880,0.4874,0.0023,,,,,,0.221,0.014,4.526733,0.000023,CARMENES
7934.4085,0.4819,0.0037,,,,,,0.186,0.037,4.521866,0.000029,CARMENES
7934.6591,0.4722,0.0011,,4.528,,0.079,,0.200,0.010,4.517726,0.000041,HARPS-Post2015
7935.4410,0.4689,0.0021,,,,,,0.199,0.014,4.516946,0.000023,CARMENES
7935.6847,0.4807,0.0013,,4.842,,0.126,,0.199,0.010,,,HARPS-Post2015
7936.4931,0.4896,0.0013,,,,,,,,4.525974,0.000034,CARMENES
7936.6501,0.4727,0.0010,,4.206,,0.067,,0.198,0.010,4.522958,0.000039,HARPS-Post2015
7937.4821,0.4690,0.0020,,,,,,0.196,0.015,4.524898,0.000026,CARMENES
7937.6710,0.4744,0.0012,,4.502,,0.083,,0.197,0.010,4.516946,0.000042,HARPS-Post2015
7939.4784,0.4735,0.0016,,,,,,0.199,0.015,4.510528,0.000026,CARMENES
7942.4806,0.4815,0.0009,,,,,,0.196,0.014,4.515902,0.000024,CARMENES
7942.5923,0.4805,0.0012,,4.655,,0.053,,0.207,0.010,4.517489,0.000041,HARPS-Post2015
7943.4695,0.4873,0.0014,,,,,,0.254,0.015,4.521093,0.000036,CARMENES
7943.5790,0.4772,0.0013,,4.106,,0.067,,0.204,0.010,4.520800,0.000049,HARPS-Post2015
7944.4618,0.4781,0.0012,,,,,,,,4.515595,0.000030,CARMENES
7944.5628,0.4775,0.0010,,4.261,,0.069,,0.199,0.010,4.519074,0.000042,HARPS-Post2015
7945.4615,0.4749,0.0018,,,,,,0.212,0.014,4.502933,0.000031,CARMENES
7945.6090,,,,5.239,,0.074,,,,4.525347,0.000049,HARPS-Post2015
7946.5689,0.4772,0.0012,,,,,,0.208,0.015,4.512323,0.000036,CARMENES
7946.7372,0.4775,0.0010,,3.725,,0.078,,0.195,0.010,4.523249,0.000044,HARPS-Post2015
7947.4310,0.4919,0.0014,,,,,,0.213,0.014,4.515274,0.000026,CARMENES
7948.4277,0.4917,0.0018,,,,,,0.188,0.014,4.519133,0.000027,CARMENES
7948.6834,0.4793,0.0013,,3.740,,0.165,,0.195,0.009,4.514808,0.000044,HARPS-Post2015
7949.5383,0.4879,0.0018,,,,,,0.185,0.014,4.516225,0.000031,CARMENES
7949.6872,0.4817,0.0010,,3.273,,0.118,,0.191,0.010,4.519621,0.000049,HARPS-Post2015
7950.4478,0.4919,0.0016,,,,,,,,4.517498,0.000033,CARMENES
7951.4425,0.4792,0.0021,,,,,,0.197,0.014,4.525738,0.000030,CARMENES
7951.6714,0.4867,0.0012,,4.694,,0.179,,0.204,0.010,4.522786,0.000047,HARPS-Post2015
7952.6594,0.4875,0.0009,,4.115,,0.123,,0.192,0.010,4.517100,0.000041,HARPS-Post2015
7953.7112,0.4817,0.0011,,3.525,,0.085,,0.188,0.010,4.519780,0.000046,HARPS-Post2015
7954.4574,0.4913,0.0015,,,,,,,,4.512233,0.000028,CARMENES
7954.6578,0.4793,0.0011,,3.658,,0.087,,0.188,0.010,4.514040,0.000041,HARPS-Post2015
7955.4332,0.4813,0.0022,,,,,,0.197,0.014,4.516875,0.000033,CARMENES
7955.6701,0.4826,0.0012,,4.093,,0.130,,0.183,0.010,4.508518,0.000046,HARPS-Post2015
7956.6968,0.4837,0.0011,,3.488,,0.078,,0.186,0.010,4.515476,0.000043,HARPS-Post2015
7958.4495,0.4821,0.0018,,,,,,0.191,0.014,4.518267,0.000036,CARMENES
7958.7729,0.4896,0.0010,,4.460,,0.186,,0.196,0.010,4.523302,0.000039,HARPS-Post2015
7959.5620,0.4773,0.0017,,,,,,0.204,0.014,4.518065,0.000036,CARMENES
7959.6551,0.4865,0.0009,,3.711,,0.095,,0.192,0.009,4.517138,0.000040,HARPS-Post2015
7960.4169,0.4824,0.0012,,,,,,0.188,0.014,4.524756,0.000037,CARMENES
7960.6787,0.4876,0.0011,,3.629,,0.089,,0.190,0.010,4.517431,0.000042,HARPS-Post2015
7961.4198,0.4880,0.0016,,,,,,0.207,0.014,4.521241,0.000042,CARMENES
7961.6633,0.4837,0.0011,,3.554,,0.111,,0.188,0.010,4.517765,0.000039,HARPS-Post2015
7962.4204,0.4936,0.0020,,,,,,0.191,0.014,4.511069,0.000031,CARMENES
7962.6499,0.4870,0.0010,,4.019,,0.208,,0.181,0.009,4.514814,0.000045,HARPS-Post2015
7963.4070,0.4819,0.0012,,,,,,0.192,0.014,4.524448,0.000031,CARMENES
7964.4104,0.4808,0.0015,,,,,,,,4.512530,0.000031,CARMENES
7964.6642,0.4830,0.0011,,3.248,,0.156,,,,4.514358,0.000049,HARPS-Post2015
7965.4354,0.4774,0.0018,,,,,,,,4.520988,0.000037,CARMENES
7965.6493,0.4815,0.0010,,3.764,,0.089,,0.190,0.010,4.512690,0.000042,HARPS-Post2015
7966.6374,0.4825,0.0012,,3.832,,0.079,,0.191,0.009,4.516872,0.000041,HARPS-Post2015
7967.5652,0.4856,0.0011,,3.997,,0.120,,0.194,0.010,4.518250,0.000038,HARPS-Post2015
7968.4969,0.4777,0.0014,,4.181,,0.119,,0.201,0.009,4.513839,0.000042,HARPS-Post2015
7969.4186,0.4875,0.0014,,,,,,0.225,0.015,4.520383,0.000038,CARMENES
7969.6348,0.4741,0.0010,,3.857,,0.116,,0.193,0.010,4.513517,0.000036,HARPS-Post2015
7970.4079,0.4741,0.0024,,,,,,,,4.518374,0.000037,CARMENES
7970.4944,0.4798,0.0010,,3.528,,0.079,,0.190,0.010,4.517754,0.000046,HARPS-Post2015
7971.3874,0.4738,0.0020,,,,,,,,4.514219,0.000028,CARMENES
7972.4843,0.4851,0.0011,,4.178,,0.080,,0.205,0.010,4.519766,0.000048,HARPS-Post2015
7973.4960,0.4778,0.0011,,3.667,,0.118,,0.190,0.009,4.520772,0.000043,HARPS-Post2015
7974.4163,0.4807,0.0081,,,,,,,,4.517518,0.000033,CARMENES
7974.4179,,,,,,,,0.200,0.014,,,CARMENES
7974.4810,0.4791,0.0011,,3.679,,0.067,,0.189,0.010,4.514484,0.000045,HARPS-Post2015
7975.3767,0.5017,0.0018,,,,,,0.237,0.015,4.510807,0.000030,CARMENES
7976.3995,0.4812,0.0020,,,,,,0.187,0.015,4.513530,0.000031,CARMENES
7977.4213,0.4897,0.0018,,,,,,,,4.510504,0.000034,CARMENES
7977.4671,0.4888,0.0015,,4.008,,0.037,,0.191,0.010,4.513099,0.000068,HARPSN
7978.3894,0.4853,0.0013,,3.915,,0.028,,0.188,0.010,4.517042,0.000063,HARPSN
7979.4185,0.4948,0.0013,,4.211,,0.026,,0.198,0.010,4.517316,0.000062,HARPSN
7979.4557,0.4804,0.0021,,,,,,0.222,0.015,4.512286,0.000026,CARMENES
7979.6329,0.4834,0.0010,,4.092,,0.087,,0.207,0.010,4.515251,0.000041,HARPS-Post2015
7980.4444,0.4864,0.0013,,3.789,,0.032,,0.189,0.010,4.515610,0.000064,HARPSN
7980.6373,0.4959,0.0011,,4.554,,0.086,,0.204,0.009,4.518939,0.000045,HARPS-Post2015
7981.3859,0.4832,0.0012,,,,,,0.186,0.015,4.514490,0.000026,CARMENES
7981.4470,0.4837,0.0013,,3.497,,0.034,,0.186,0.010,4.517274,0.000062,HARPSN
7981.6207,0.4815,0.0011,,3.827,,0.081,,0.189,0.010,4.518612,0.000043,HARPS-Post2015
7982.4038,0.4896,0.0013,,4.091,,0.033,,0.191,0.010,4.517699,0.000068,HARPSN
7982.4564,0.4893,0.0016,,,,,,0.185,0.015,4.520271,0.000030,CARMENES
7983.4602,0.4863,0.0014,,3.899,,0.033,,0.190,0.010,4.515910,0.000063,HARPSN
7984.5244,0.4855,0.0010,,3.680,,0.095,,0.189,0.010,4.515681,0.000037,HARPS-Post2015
7985.5227,0.4912,0.0011,,3.995,,0.088,,0.193,0.010,4.515818,0.000044,HARPS-Post2015
7986.4338,0.4897,0.0020,,,,,,0.194,0.015,4.525081,0.000031,CARMENES
7986.5336,0.4916,0.0011,,4.386,,0.080,,0.193,0.010,4.516571,0.000042,HARPS-Post2015
7987.4104,0.4867,0.0021,,,,,,0.182,0.015,4.527317,0.000037,CARMENES
7987.5429,0.4899,0.0009,,3.928,,0.076,,0.195,0.010,4.515427,0.000045,HARPS-Post2015
7989.3398,,,,,,,,0.211,0.015,4.521591,0.000035,CARMENES
7990.4296,0.4909,0.0015,,,,,,0.188,0.016,4.518514,0.000031,CARMENES
7990.5081,0.4869,0.0011,,3.914,,0.069,,0.197,0.009,4.515789,0.000043,HARPS-Post2015
7991.5247,0.4945,0.0009,,4.125,,0.127,,0.202,0.010,4.517246,0.000047,HARPS-Post2015
7992.5230,0.4936,0.0011,,4.502,,0.057,,0.200,0.010,4.517101,0.000045,HARPS-Post2015
7993.5070,0.4887,0.0009,,4.380,,0.078,,0.202,0.010,4.517938,0.000049,HARPS-Post2015
7994.4922,0.4897,0.0009,,4.331,,0.068,,0.204,0.010,4.519561,0.000045,HARPS-Post2015
7995.4979,0.4906,0.0009,,3.916,,0.087,,0.194,0.010,4.512227,0.000046,HARPS-Post2015
7996.4992,0.4893,0.0009,,4.153,,0.112,,0.197,0.010,4.520476,0.000048,HARPS-Post2015
7998.4241,0.4836,0.0012,,,,,,0.180,0.015,4.513271,0.000029,CARMENES
7998.5299,0.4873,0.0010,,3.782,,0.091,,0.196,0.010,4.516406,0.000045,HARPS-Post2015
7999.3176,,,,,,,,0.225,0.015,4.519424,0.000029,CARMENES
7999.4926,0.4931,0.0009,,5.291,,0.215,,,,,,HARPS-Post2015
8000.4097,0.4912,0.0016,,,,,,0.194,0.015,4.519903,0.000034,CARMENES
8000.5298,0.4895,0.0012,,3.876,,0.112,,0.198,0.010,4.520935,0.000036,HARPS-Post2015
8001.4450,0.4948,0.0017,,,,,,0.204,0.015,4.515495,0.000042,CARMENES
8001.5354,0.4938,0.0010,,4.120,,0.098,,0.201,0.010,4.519562,0.000044,HARPS-Post2015
8002.5247,0.4806,0.0011,,3.734,,0.088,,0.202,0.010,4.520460,0.000050,HARPS-Post2015
8005.3929,0.4806,0.0013,,3.958,,0.033,,0.193,0.010,4.520791,0.000062,HARPSN
8006.3945,0.4764,0.0014,,3.805,,0.036,,0.197,0.010,4.518549,0.000068,HARPSN
8007.3107,0.4861,0.0011,,,,,,0.188,0.015,4.515624,0.000039,CARMENES
8007.3875,0.4762,0.0014,,3.924,,0.034,,0.196,0.010,4.520033,0.000065,HARPSN
8007.5469,0.4813,0.0010,,4.375,,0.139,,0.198,0.010,4.516184,0.000038,HARPS-Post2015
8008.3818,0.4806,0.0014,,,,,,0.196,0.015,4.516720,0.000028,CARMENES
8008.3874,0.4794,0.0014,,4.150,,0.026,,0.197,0.010,4.520400,0.000065,HARPSN
8008.6115,0.4827,0.0011,,4.149,,0.222,,0.203,0.010,4.521407,0.000049,HARPS-Post2015
8009.3893,0.4906,0.0014,,4.902,,0.054,,0.207,0.010,4.521989,0.000064,HARPSN
8010.3082,0.4821,0.0010,,,,,,0.193,0.015,4.523260,0.000029,CARMENES
8010.3765,0.4894,0.0014,,4.564,,0.036,,0.202,0.010,4.522048,0.000062,HARPSN
8010.5344,0.4861,0.0012,,4.139,,0.130,,0.203,0.010,4.519682,0.000053,HARPS-Post2015
8011.5864,0.4814,0.0010,,4.306,,0.228,,0.206,0.010,4.517825,0.000044,HARPS-Post2015
8012.5915,0.4937,0.0010,,5.326,,0.142,,0.213,0.010,4.518870,0.000043,HARPS-Post2015
8013.5567,0.4750,0.0011,,3.745,,0.146,,0.203,0.010,4.522997,0.000041,HARPS-Post2015
8017.3314,0.4667,0.0016,,,,,,0.184,0.015,4.530008,0.000037,CARMENES
8017.4853,0.4713,0.0011,,4.267,,0.115,,0.199,0.010,4.516334,0.000043,HARPS-Post2015
8018.5288,0.4726,0.0011,,3.897,,0.086,,0.202,0.010,4.517446,0.000045,HARPS-Post2015
8019.4957,0.4714,0.0012,,4.326,,0.068,,0.202,0.010,4.521574,0.000039,HARPS-Post2015
8020.4998,0.4712,0.0010,,3.847,,0.083,,0.203,0.010,4.524315,0.000049,HARPS-Post2015
8021.3062,0.4866,0.0015,,,,,,0.151,0.016,4.515484,0.000040,CARMENES
8021.4786,0.4662,0.0012,,3.963,,0.079,,0.202,0.010,4.524807,0.000040,HARPS-Post2015
8022.2861,0.4663,0.0017,,,,,,,,,,CARMENES
8022.4792,0.4678,0.0011,,3.816,,0.084,,0.203,0.010,4.523850,0.000041,HARPS-Post2015
8023.4814,0.4725,0.0011,,4.305,,0.107,,0.202,0.010,4.515319,0.000042,HARPS-Post2015
8025.4895,0.4727,0.0010,,4.255,,0.128,,0.209,0.010,4.513841,0.000039,HARPS-Post2015
8026.4954,0.4712,0.0010,,3.888,,0.100,,0.211,0.010,4.526845,0.000047,HARPS-Post2015
8027.3484,0.4628,0.0013,,,,,,0.195,0.017,,,CARMENES
8027.4953,0.4677,0.0011,,,,,,,,4.517064,0.000051,HARPS-Post2015
8028.3770,0.4730,0.0017,,,,,,0.202,0.016,,,CARMENES
8032.3074,0.4777,0.0013,,,,,,0.170,0.015,,,CARMENES
8033.3506,0.4636,0.0014,,3.784,,0.038,,0.203,0.010,4.519994,0.000065,HARPSN
8034.3570,0.4678,0.0013,,4.349,,0.027,,0.207,0.010,4.520401,0.000063,HARPSN
8035.3551,0.4693,0.0013,,4.223,,0.026,,0.202,0.010,4.518761,0.000063,HARPSN
8036.3841,0.4610,0.0014,,3.869,,0.073,,0.201,0.010,4.522845,0.000067,HARPSN
8037.3360,0.4640,0.0014,,3.736,,0.029,,0.197,0.010,4.516856,0.000065,HARPSN
8038.3676,0.4647,0.0013,,4.424,,0.064,,0.202,0.010,4.514829,0.000069,HARPSN
